dbo;CK_ExternalAccountLedger_Amount;"C ";CHECK_CONSTRAINT;2026-10-01 12:10:28.650;2026-10-01 12:10:28.650;0
dbo;CK_ExternalAccountLedger_CreatedBy;"C ";CHECK_CONSTRAINT;2026-10-01 12:10:28.650;2026-10-01 12:10:28.650;0
dbo;CK_ExternalAccountLedger_EntryType;"C ";CHECK_CONSTRAINT;2026-10-01 12:10:28.650;2026-10-01 12:10:28.650;0
dbo;CK_ExternalAccountLedger_NoSelfReversal;"C ";CHECK_CONSTRAINT;2026-10-01 12:10:28.650;2026-10-01 12:10:28.650;0
dbo;CK_ExternalAccountLedger_PurchaseSale;"C ";CHECK_CONSTRAINT;2026-10-01 12:10:28.650;2026-10-01 12:10:28.650;0
dbo;CK_ExternalAccountLedger_ReversalLink;"C ";CHECK_CONSTRAINT;2026-10-01 12:10:28.650;2026-10-01 12:10:28.650;0
dbo;CK_ExternalAccounts_AccountMode;"C ";CHECK_CONSTRAINT;2026-10-01 12:10:28.630;2026-10-01 12:10:28.630;0
dbo;CK_ExternalAccounts_CreditLimit;"C ";CHECK_CONSTRAINT;2026-10-01 12:10:28.630;2026-10-01 12:10:28.630;0
dbo;CK_ExternalAccounts_DisplayName;"C ";CHECK_CONSTRAINT;2026-10-01 12:10:28.630;2026-10-01 12:10:28.630;0
dbo;CK_ExternalAccounts_ModeCreditLimit;"C ";CHECK_CONSTRAINT;2026-10-01 12:10:28.630;2026-10-01 12:10:28.630;0
dbo;CK_ExternalAccounts_Validity;"C ";CHECK_CONSTRAINT;2026-10-01 12:10:28.630;2026-10-01 12:10:28.630;0
dbo;CK_ExternalLunchPrices_PriceCents;"C ";CHECK_CONSTRAINT;2026-10-05 11:53:50.037;2026-10-05 11:53:50.037;0
dbo;CK_GuestSaladOrders_Quantity;"C ";CHECK_CONSTRAINT;2026-10-01 10:15:42.667;2026-10-01 10:15:42.667;0
dbo;CK_KioskCards_CardNumber;"C ";CHECK_CONSTRAINT;2026-10-01 12:10:28.637;2026-10-01 12:10:28.637;0
dbo;CK_KioskCards_Owner;"C ";CHECK_CONSTRAINT;2026-10-01 12:10:28.637;2026-10-01 12:10:28.637;0
dbo;CK_KioskCards_OwnerType;"C ";CHECK_CONSTRAINT;2026-10-01 12:10:28.637;2026-10-01 12:10:28.637;0
dbo;CK_KioskCards_Validity;"C ";CHECK_CONSTRAINT;2026-10-01 12:10:28.637;2026-10-01 12:10:28.637;0
dbo;CK_KioskLayoutItems_ColumnNo;"C ";CHECK_CONSTRAINT;2026-10-02 06:55:38.860;2026-10-02 06:55:38.860;0
dbo;CK_KioskLayoutItems_RowNo;"C ";CHECK_CONSTRAINT;2026-10-02 06:55:38.860;2026-10-02 06:55:38.860;0
dbo;CK_KioskLayouts_LayoutName;"C ";CHECK_CONSTRAINT;2026-10-02 06:55:38.830;2026-10-02 06:55:38.830;0
dbo;CK_KioskProducts_NameEN;"C ";CHECK_CONSTRAINT;2026-10-02 06:58:44.810;2026-10-02 06:58:44.810;0
dbo;CK_KioskProducts_Price;"C ";CHECK_CONSTRAINT;2026-10-02 06:58:44.830;2026-10-02 06:58:44.830;0
dbo;CK_KioskSaleLines_LineTotalCents;"C ";CHECK_CONSTRAINT;2026-10-02 07:49:17.900;2026-10-02 07:49:17.900;0
dbo;CK_KioskSaleLines_ProductName;"C ";CHECK_CONSTRAINT;2026-10-01 12:10:28.647;2026-10-01 12:10:28.647;0
dbo;CK_KioskSaleLines_Quantity;"C ";CHECK_CONSTRAINT;2026-10-01 12:10:28.647;2026-10-01 12:10:28.647;0
dbo;CK_KioskSaleLines_UnitPrice;"C ";CHECK_CONSTRAINT;2026-10-01 12:10:28.647;2026-10-01 12:10:28.647;0
dbo;CK_KioskSaleLines_UnitPriceCents;"C ";CHECK_CONSTRAINT;2026-10-02 07:49:36.293;2026-10-02 07:49:36.293;0
dbo;CK_KioskSales_Owner;"C ";CHECK_CONSTRAINT;2026-10-01 12:10:28.640;2026-10-01 12:10:28.640;0
dbo;CK_KioskSales_OwnerReference;"C ";CHECK_CONSTRAINT;2026-10-02 07:44:46.687;2026-10-02 07:44:46.687;0
dbo;CK_KioskSales_OwnerType;"C ";CHECK_CONSTRAINT;2026-10-01 12:10:28.640;2026-10-01 12:10:28.640;0
dbo;CK_KioskSales_Status;"C ";CHECK_CONSTRAINT;2026-10-01 12:10:28.640;2026-10-01 12:10:28.640;0
dbo;CK_KioskSales_TotalCents;"C ";CHECK_CONSTRAINT;2026-10-01 12:10:28.640;2026-10-01 12:10:28.640;0
dbo;CK_KioskSales_VoidFields;"C ";CHECK_CONSTRAINT;2026-10-01 12:10:28.640;2026-10-01 12:10:28.640;0
dbo;CK_ManualLunchAdjustments_Quantity;"C ";CHECK_CONSTRAINT;2026-10-05 08:25:53.583;2026-10-05 08:25:53.583;0
dbo;CK_MenuCycles_NumberOfWeeks;"C ";CHECK_CONSTRAINT;2026-09-29 08:02:16.420;2026-09-29 08:02:16.420;0
dbo;CK_MenuCycles_Status;"C ";CHECK_CONSTRAINT;2026-09-29 08:02:16.420;2026-09-29 08:02:16.420;0
dbo;CK_MenuDays_DayNumber;"C ";CHECK_CONSTRAINT;2026-09-28 07:30:26.090;2026-09-28 07:30:26.090;0
dbo;CK_MenuWeeks_WeekNumber;"C ";CHECK_CONSTRAINT;2026-09-28 07:30:26.087;2026-09-28 07:30:26.087;0
dbo;CK_OrderCancellations_OrderType;"C ";CHECK_CONSTRAINT;2026-09-29 10:21:22.800;2026-09-29 10:21:22.800;0
dbo;CK_OrderCancellations_Quantity;"C ";CHECK_CONSTRAINT;2026-09-29 10:21:22.827;2026-09-29 10:21:22.827;0
dbo;CK_OrderCancellations_ReasonCode;"C ";CHECK_CONSTRAINT;2026-09-29 10:48:23.410;2026-09-29 10:48:23.410;0
dbo;CK_OrderCancellations_Reference;"C ";CHECK_CONSTRAINT;2026-09-29 10:21:22.827;2026-09-29 10:21:22.827;0
dbo;CK_Orders_New_Quantity;"C ";CHECK_CONSTRAINT;2026-09-28 12:17:08.817;2026-09-28 12:17:08.817;0
dbo;CK_SaladOrderCancellations_OrderType;"C ";CHECK_CONSTRAINT;2026-10-01 11:43:05.670;2026-10-01 11:43:05.670;0
dbo;CK_SaladOrderCancellations_Quantity;"C ";CHECK_CONSTRAINT;2026-10-01 11:43:05.670;2026-10-01 11:43:05.670;0
dbo;CK_SaladOrderCancellations_Source;"C ";CHECK_CONSTRAINT;2026-10-01 11:43:05.670;2026-10-01 11:43:05.670;0
dbo;CK_SaladOrders_Quantity;"C ";CHECK_CONSTRAINT;2026-10-01 10:15:42.663;2026-10-01 10:15:42.663;0
dbo;CK_Salads_NameEn_NotBlank;"C ";CHECK_CONSTRAINT;2026-10-01 09:43:23.667;2026-10-01 09:43:23.667;0
dbo;CK_Salads_NameFi_NotBlank;"C ";CHECK_CONSTRAINT;2026-10-01 09:43:23.667;2026-10-01 09:43:23.667;0
dbo;CK_Salads_NameSv_NotBlank;"C ";CHECK_CONSTRAINT;2026-10-01 09:43:23.667;2026-10-01 09:43:23.667;0
dbo;CK_Salads_SortOrder_NonNegative;"C ";CHECK_CONSTRAINT;2026-10-01 09:43:23.667;2026-10-01 09:43:23.667;0
dbo;DF__Employees__Activ__0A9D95DB;"D ";DEFAULT_CONSTRAINT;2026-09-25 07:09:59.317;2026-09-25 07:09:59.317;0
dbo;DF__ImageAsse__Creat__6D6238AF;"D ";DEFAULT_CONSTRAINT;2026-10-06 11:24:21.720;2026-10-06 11:24:21.720;0
dbo;DF__KioskProd__Activ__02084FDA;"D ";DEFAULT_CONSTRAINT;2026-09-25 07:08:51.450;2026-09-25 07:08:51.450;0
dbo;DF__KioskTran__Trans__04E4BC85;"D ";DEFAULT_CONSTRAINT;2026-09-25 07:08:51.457;2026-09-25 07:08:51.457;0
dbo;DF__Meals__Active__778AC167;"D ";DEFAULT_CONSTRAINT;2026-09-25 07:08:51.420;2026-09-25 07:08:51.420;0
dbo;DF_ExternalAccountLedger_EntryTime;"D ";DEFAULT_CONSTRAINT;2026-10-01 12:10:28.650;2026-10-01 12:10:28.650;0
dbo;DF_ExternalAccounts_BalanceCents;"D ";DEFAULT_CONSTRAINT;2026-10-02 05:12:54.800;2026-10-02 05:12:54.800;0
dbo;DF_ExternalAccounts_CreatedAt;"D ";DEFAULT_CONSTRAINT;2026-10-01 12:10:28.630;2026-10-01 12:10:28.630;0
dbo;DF_ExternalAccounts_IsActive;"D ";DEFAULT_CONSTRAINT;2026-10-01 12:10:28.630;2026-10-01 12:10:28.630;0
dbo;DF_ExternalAccounts_UpdatedAt;"D ";DEFAULT_CONSTRAINT;2026-10-01 12:10:28.630;2026-10-01 12:10:28.630;0
dbo;DF_ExternalLunchPrices_CreatedAt;"D ";DEFAULT_CONSTRAINT;2026-10-05 11:53:50.033;2026-10-05 11:53:50.033;0
dbo;DF_GuestOrders_OrderTime;"D ";DEFAULT_CONSTRAINT;2026-09-28 10:33:23.400;2026-09-28 10:33:23.400;0
dbo;DF_GuestSaladOrders_OrderTime;"D ";DEFAULT_CONSTRAINT;2026-10-01 10:15:42.667;2026-10-01 10:15:42.667;0
dbo;DF_KioskCards_CreatedAt;"D ";DEFAULT_CONSTRAINT;2026-10-01 12:10:28.633;2026-10-01 12:10:28.633;0
dbo;DF_KioskCards_IsActive;"D ";DEFAULT_CONSTRAINT;2026-10-01 12:10:28.633;2026-10-01 12:10:28.633;0
dbo;DF_KioskCards_UpdatedAt;"D ";DEFAULT_CONSTRAINT;2026-10-01 12:10:28.633;2026-10-01 12:10:28.633;0
dbo;DF_KioskLayoutItems_CreatedAt;"D ";DEFAULT_CONSTRAINT;2026-10-02 06:55:38.857;2026-10-02 06:55:38.857;0
dbo;DF_KioskLayoutItems_IsVisible;"D ";DEFAULT_CONSTRAINT;2026-10-02 06:55:38.857;2026-10-02 06:55:38.857;0
dbo;DF_KioskLayoutItems_UpdatedAt;"D ";DEFAULT_CONSTRAINT;2026-10-02 06:55:38.857;2026-10-02 06:55:38.857;0
dbo;DF_KioskLayouts_CreatedAt;"D ";DEFAULT_CONSTRAINT;2026-10-02 06:55:38.830;2026-10-02 06:55:38.830;0
dbo;DF_KioskLayouts_IsActive;"D ";DEFAULT_CONSTRAINT;2026-10-02 06:55:38.827;2026-10-02 06:55:38.827;0
dbo;DF_KioskLayouts_IsDefault;"D ";DEFAULT_CONSTRAINT;2026-10-02 06:55:38.827;2026-10-02 06:55:38.827;0
dbo;DF_KioskLayouts_UpdatedAt;"D ";DEFAULT_CONSTRAINT;2026-10-02 06:55:38.830;2026-10-02 06:55:38.830;0
dbo;DF_KioskProducts_CreatedAt;"D ";DEFAULT_CONSTRAINT;2026-10-02 06:58:44.723;2026-10-02 06:58:44.723;0
dbo;DF_KioskProducts_UpdatedAt;"D ";DEFAULT_CONSTRAINT;2026-10-02 06:58:44.723;2026-10-02 06:58:44.723;0
dbo;DF_KioskSales_CreatedBy;"D ";DEFAULT_CONSTRAINT;2026-10-01 12:10:28.640;2026-10-01 12:10:28.640;0
dbo;DF_KioskSales_SaleTime;"D ";DEFAULT_CONSTRAINT;2026-10-01 12:10:28.640;2026-10-01 12:10:28.640;0
dbo;DF_KioskSales_Status;"D ";DEFAULT_CONSTRAINT;2026-10-01 12:10:28.640;2026-10-01 12:10:28.640;0
dbo;DF_ManualLunchAdjustments_CreatedAt;"D ";DEFAULT_CONSTRAINT;2026-10-05 08:25:53.580;2026-10-05 08:25:53.580;0
dbo;DF_ManualLunchAdjustments_Quantity;"D ";DEFAULT_CONSTRAINT;2026-10-05 08:25:53.580;2026-10-05 08:25:53.580;0
dbo;DF_Meals_Category;"D ";DEFAULT_CONSTRAINT;2026-09-28 06:12:36.330;2026-09-28 06:12:36.330;0
dbo;DF_MenuCycles_CreatedDate;"D ";DEFAULT_CONSTRAINT;2026-09-29 08:02:16.420;2026-09-29 08:02:16.420;0
dbo;DF_MenuCycles_Status;"D ";DEFAULT_CONSTRAINT;2026-09-29 08:02:16.420;2026-09-29 08:02:16.420;0
dbo;DF_MenuCycles_UpdatedDate;"D ";DEFAULT_CONSTRAINT;2026-09-29 08:02:16.420;2026-09-29 08:02:16.420;0
dbo;DF_MenuWeeks_CreatedDate;"D ";DEFAULT_CONSTRAINT;2026-09-28 07:30:26.087;2026-09-28 07:30:26.087;0
dbo;DF_OrderCancellations_CancelledAt;"D ";DEFAULT_CONSTRAINT;2026-09-29 10:21:22.800;2026-09-29 10:21:22.800;0
dbo;DF_Orders_New_OrderTime;"D ";DEFAULT_CONSTRAINT;2026-09-28 12:17:08.813;2026-09-28 12:17:08.813;0
dbo;DF_SaladOrderCancellations_CancelledAt;"D ";DEFAULT_CONSTRAINT;2026-10-01 11:43:05.670;2026-10-01 11:43:05.670;0
dbo;DF_SaladOrders_OrderTime;"D ";DEFAULT_CONSTRAINT;2026-10-01 10:15:42.663;2026-10-01 10:15:42.663;0
dbo;DF_Salads_CreatedAt;"D ";DEFAULT_CONSTRAINT;2026-10-01 09:43:23.667;2026-10-01 09:43:23.667;0
dbo;DF_Salads_IsActive;"D ";DEFAULT_CONSTRAINT;2026-10-01 09:43:23.667;2026-10-01 09:43:23.667;0
dbo;DF_Salads_SortOrder;"D ";DEFAULT_CONSTRAINT;2026-10-01 09:43:23.667;2026-10-01 09:43:23.667;0
dbo;DF_Salads_UpdatedAt;"D ";DEFAULT_CONSTRAINT;2026-10-01 09:43:23.667;2026-10-01 09:43:23.667;0
dbo;FK__Balances__Employ__09A971A2;"F ";FOREIGN_KEY_CONSTRAINT;2026-09-25 07:08:51.477;2026-09-25 07:08:51.477;0
dbo;FK__KioskTran__Emplo__05D8E0BE;"F ";FOREIGN_KEY_CONSTRAINT;2026-09-25 07:08:51.457;2026-09-25 07:08:51.457;0
dbo;FK__KioskTran__Produ__06CD04F7;"F ";FOREIGN_KEY_CONSTRAINT;2026-09-25 07:08:51.457;2026-09-25 07:08:51.457;0
dbo;FK_DayMeals_Meals;"F ";FOREIGN_KEY_CONSTRAINT;2026-09-28 07:30:26.100;2026-09-28 07:30:26.100;0
dbo;FK_DayMeals_MenuDays;"F ";FOREIGN_KEY_CONSTRAINT;2026-09-28 07:30:26.100;2026-09-28 07:30:26.100;0
dbo;FK_ExternalAccountLedger_Accounts;"F ";FOREIGN_KEY_CONSTRAINT;2026-10-01 12:10:28.650;2026-10-01 12:10:28.650;0
dbo;FK_ExternalAccountLedger_Reversal;"F ";FOREIGN_KEY_CONSTRAINT;2026-10-01 12:10:28.650;2026-10-01 12:10:28.650;0
dbo;FK_ExternalAccountLedger_Sales;"F ";FOREIGN_KEY_CONSTRAINT;2026-10-01 12:10:28.650;2026-10-01 12:10:28.650;0
dbo;FK_GuestOrders_Employee;"F ";FOREIGN_KEY_CONSTRAINT;2026-09-28 10:33:23.400;2026-09-28 10:33:23.400;0
dbo;FK_GuestOrders_Meal;"F ";FOREIGN_KEY_CONSTRAINT;2026-09-28 10:33:23.400;2026-09-28 10:33:23.400;0
dbo;FK_GuestSaladOrders_Salads;"F ";FOREIGN_KEY_CONSTRAINT;2026-10-01 10:15:42.667;2026-10-01 10:15:42.667;0
dbo;FK_KioskCards_ExternalAccounts;"F ";FOREIGN_KEY_CONSTRAINT;2026-10-01 12:10:28.633;2026-10-01 12:10:28.633;0
dbo;FK_KioskLayoutItems_Layout;"F ";FOREIGN_KEY_CONSTRAINT;2026-10-02 06:55:38.860;2026-10-02 06:55:38.860;0
dbo;FK_KioskLayoutItems_Product;"F ";FOREIGN_KEY_CONSTRAINT;2026-10-02 06:55:38.860;2026-10-02 06:55:38.860;0
dbo;FK_KioskProducts_ImageAssets;"F ";FOREIGN_KEY_CONSTRAINT;2026-10-06 11:24:34.703;2026-10-06 11:24:34.703;0
dbo;FK_KioskSaleLines_Products;"F ";FOREIGN_KEY_CONSTRAINT;2026-10-01 12:10:28.647;2026-10-01 12:10:28.647;0
dbo;FK_KioskSaleLines_Sales;"F ";FOREIGN_KEY_CONSTRAINT;2026-10-01 12:10:28.647;2026-10-01 12:10:28.647;0
dbo;FK_KioskSales_Cards;"F ";FOREIGN_KEY_CONSTRAINT;2026-10-01 12:10:28.640;2026-10-01 12:10:28.640;0
dbo;FK_KioskSales_ExternalAccounts;"F ";FOREIGN_KEY_CONSTRAINT;2026-10-01 12:10:28.640;2026-10-01 12:10:28.640;0
dbo;FK_ManualLunchAdjustments_Employees;"F ";FOREIGN_KEY_CONSTRAINT;2026-10-05 08:25:53.583;2026-10-05 08:25:53.583;0
dbo;FK_Menu_Meals;"F ";FOREIGN_KEY_CONSTRAINT;2026-09-28 06:14:51.233;2026-09-28 06:14:51.233;0
dbo;FK_MenuDays_MenuWeeks;"F ";FOREIGN_KEY_CONSTRAINT;2026-09-28 07:30:26.090;2026-09-28 07:30:26.090;0
dbo;FK_MenuWeeks_MenuCycles;"F ";FOREIGN_KEY_CONSTRAINT;2026-09-29 08:02:16.447;2026-09-29 08:02:16.447;0
dbo;FK_OrderCancellations_GuestOrders;"F ";FOREIGN_KEY_CONSTRAINT;2026-09-29 10:48:06.953;2026-09-29 10:48:06.953;0
dbo;FK_OrderCancellations_Orders;"F ";FOREIGN_KEY_CONSTRAINT;2026-09-29 10:48:06.937;2026-09-29 10:48:06.937;0
dbo;FK_Orders_ExternalAccounts;"F ";FOREIGN_KEY_CONSTRAINT;2026-10-05 06:34:52.307;2026-10-05 06:34:52.307;0
dbo;FK_Orders_KioskCards;"F ";FOREIGN_KEY_CONSTRAINT;2026-10-07 07:16:46.433;2026-10-07 07:16:46.433;0
dbo;FK_Orders_New_Employee;"F ";FOREIGN_KEY_CONSTRAINT;2026-09-28 12:17:08.813;2026-09-28 12:17:08.813;0
dbo;FK_Orders_New_Meal;"F ";FOREIGN_KEY_CONSTRAINT;2026-09-28 12:17:08.817;2026-09-28 12:17:08.817;0
dbo;FK_SaladOrderCancellations_Employee;"F ";FOREIGN_KEY_CONSTRAINT;2026-10-01 11:43:05.670;2026-10-01 11:43:05.670;0
dbo;FK_SaladOrderCancellations_Guest;"F ";FOREIGN_KEY_CONSTRAINT;2026-10-01 11:43:05.670;2026-10-01 11:43:05.670;0
dbo;FK_SaladOrders_ExternalAccounts;"F ";FOREIGN_KEY_CONSTRAINT;2026-10-05 06:34:52.330;2026-10-05 06:34:52.330;0
dbo;FK_SaladOrders_KioskCards;"F ";FOREIGN_KEY_CONSTRAINT;2026-10-07 07:16:46.487;2026-10-07 07:16:46.487;0
dbo;FK_SaladOrders_Salads;"F ";FOREIGN_KEY_CONSTRAINT;2026-10-01 10:15:42.663;2026-10-01 10:15:42.663;0
dbo;PK__Balances__7AD0F1B69286B922;PK;PRIMARY_KEY_CONSTRAINT;2026-09-25 07:08:51.477;2026-09-25 07:08:51.477;0
dbo;PK__Employee__7AD0F1B670ECEDB0;PK;PRIMARY_KEY_CONSTRAINT;2026-09-25 06:59:07.110;2026-09-25 06:59:07.110;0
dbo;PK__GuestOrd__773A898A08AB97EF;PK;PRIMARY_KEY_CONSTRAINT;2026-09-28 10:33:23.397;2026-09-28 10:33:23.397;0
dbo;PK__ImageAss__16EED56DA638C083;PK;PRIMARY_KEY_CONSTRAINT;2026-10-06 11:24:21.720;2026-10-06 11:24:21.720;0
dbo;PK__KioskPro__B40CC6EDFBBB280B;PK;PRIMARY_KEY_CONSTRAINT;2026-09-25 07:08:51.450;2026-09-25 07:08:51.450;0
dbo;PK__KioskTra__55433A4B01D2A8D1;PK;PRIMARY_KEY_CONSTRAINT;2026-09-25 07:08:51.457;2026-09-25 07:08:51.457;0
dbo;PK__Meals__ACF6A65D46AC5673;PK;PRIMARY_KEY_CONSTRAINT;2026-09-25 07:08:51.417;2026-09-25 07:08:51.417;0
dbo;PK__Menu__C99ED2500D83E658;PK;PRIMARY_KEY_CONSTRAINT;2026-09-28 06:14:51.233;2026-09-28 06:14:51.233;0
dbo;PK_DayMeals;PK;PRIMARY_KEY_CONSTRAINT;2026-09-28 07:30:26.090;2026-09-28 07:30:26.090;0
dbo;PK_ExternalAccountLedger;PK;PRIMARY_KEY_CONSTRAINT;2026-10-01 12:10:28.650;2026-10-01 12:10:28.650;0
dbo;PK_ExternalAccounts;PK;PRIMARY_KEY_CONSTRAINT;2026-10-01 12:10:28.630;2026-10-01 12:10:28.630;0
dbo;PK_ExternalLunchPrices;PK;PRIMARY_KEY_CONSTRAINT;2026-10-05 11:53:50.033;2026-10-05 11:53:50.033;0
dbo;PK_GuestSaladOrders;PK;PRIMARY_KEY_CONSTRAINT;2026-10-01 10:15:42.667;2026-10-01 10:15:42.667;0
dbo;PK_KioskCards;PK;PRIMARY_KEY_CONSTRAINT;2026-10-01 12:10:28.633;2026-10-01 12:10:28.633;0
dbo;PK_KioskLayoutItems;PK;PRIMARY_KEY_CONSTRAINT;2026-10-02 06:55:38.857;2026-10-02 06:55:38.857;0
dbo;PK_KioskLayouts;PK;PRIMARY_KEY_CONSTRAINT;2026-10-02 06:55:38.827;2026-10-02 06:55:38.827;0
dbo;PK_KioskSaleLines;PK;PRIMARY_KEY_CONSTRAINT;2026-10-01 12:10:28.647;2026-10-01 12:10:28.647;0
dbo;PK_KioskSales;PK;PRIMARY_KEY_CONSTRAINT;2026-10-01 12:10:28.640;2026-10-01 12:10:28.640;0
dbo;PK_ManualLunchAdjustments;PK;PRIMARY_KEY_CONSTRAINT;2026-10-05 08:25:53.580;2026-10-05 08:25:53.580;0
dbo;PK_MenuCycles;PK;PRIMARY_KEY_CONSTRAINT;2026-09-29 08:02:16.420;2026-09-29 08:02:16.420;0
dbo;PK_MenuDays;PK;PRIMARY_KEY_CONSTRAINT;2026-09-28 07:30:26.087;2026-09-28 07:30:26.087;0
dbo;PK_MenuWeeks;PK;PRIMARY_KEY_CONSTRAINT;2026-09-28 07:30:26.083;2026-09-28 07:30:26.083;0
dbo;PK_OrderCancellations;PK;PRIMARY_KEY_CONSTRAINT;2026-09-29 10:21:22.800;2026-09-29 10:21:22.800;0
dbo;PK_Orders_New;PK;PRIMARY_KEY_CONSTRAINT;2026-09-28 12:17:08.813;2026-09-28 12:17:08.813;0
dbo;PK_SaladOrderCancellations;PK;PRIMARY_KEY_CONSTRAINT;2026-10-01 11:43:05.667;2026-10-01 11:43:05.667;0
dbo;PK_SaladOrders;PK;PRIMARY_KEY_CONSTRAINT;2026-10-01 10:15:42.663;2026-10-01 10:15:42.663;0
dbo;PK_Salads;PK;PRIMARY_KEY_CONSTRAINT;2026-10-01 09:43:23.663;2026-10-01 09:43:23.663;0
dbo;UQ_DayMeals_Day_Meal;UQ;UNIQUE_CONSTRAINT;2026-09-28 07:30:26.100;2026-09-28 07:30:26.100;0
dbo;UQ_ExternalLunchPrices_ValidFrom;UQ;UNIQUE_CONSTRAINT;2026-10-05 11:53:50.033;2026-10-05 11:53:50.033;0
dbo;UQ_GuestSaladOrders_HostDateSalad;UQ;UNIQUE_CONSTRAINT;2026-10-01 10:15:42.667;2026-10-01 10:15:42.667;0
dbo;UQ_KioskCards_CardNumber;UQ;UNIQUE_CONSTRAINT;2026-10-01 12:10:28.633;2026-10-01 12:10:28.633;0
dbo;UQ_KioskLayoutItems_Position;UQ;UNIQUE_CONSTRAINT;2026-10-02 06:55:38.857;2026-10-02 06:55:38.857;0
dbo;UQ_KioskLayoutItems_Product;UQ;UNIQUE_CONSTRAINT;2026-10-02 06:55:38.857;2026-10-02 06:55:38.857;0
dbo;UQ_KioskLayouts_LayoutName;UQ;UNIQUE_CONSTRAINT;2026-10-02 06:55:38.827;2026-10-02 06:55:38.827;0
dbo;UQ_MenuDays_Week_Day;UQ;UNIQUE_CONSTRAINT;2026-09-28 07:30:26.090;2026-09-28 07:30:26.090;0
dbo;UQ_MenuWeeks_Cycle_Week;UQ;UNIQUE_CONSTRAINT;2026-09-29 08:02:16.457;2026-09-29 08:02:16.457;0
dbo;Balances;"U ";USER_TABLE;2026-09-25 07:08:51.473;2026-09-25 07:08:51.473;0
dbo;DayMeals;"U ";USER_TABLE;2026-09-28 07:30:26.090;2026-09-28 07:30:26.090;0
dbo;Employees;"U ";USER_TABLE;2026-09-25 06:59:07.110;2026-10-05 08:25:53.583;0
dbo;ExternalAccountLedger;"U ";USER_TABLE;2026-10-01 12:10:28.647;2026-10-01 12:10:28.663;0
dbo;ExternalAccounts;"U ";USER_TABLE;2026-10-01 12:10:28.630;2026-10-05 06:34:52.330;0
dbo;ExternalLunchPrices;"U ";USER_TABLE;2026-10-05 11:53:50.010;2026-10-05 11:53:50.010;0
dbo;GuestOrders;"U ";USER_TABLE;2026-09-28 10:33:23.397;2026-10-01 10:15:42.667;0
dbo;GuestSaladOrders;"U ";USER_TABLE;2026-10-01 10:15:42.667;2026-10-01 11:43:05.670;0
dbo;ImageAssets;"U ";USER_TABLE;2026-10-06 11:24:21.687;2026-10-06 11:24:58.597;0
dbo;KioskCards;"U ";USER_TABLE;2026-10-01 12:10:28.633;2026-10-07 07:16:46.487;0
dbo;KioskLayoutItems;"U ";USER_TABLE;2026-10-02 06:55:38.857;2026-10-02 06:55:38.857;0
dbo;KioskLayouts;"U ";USER_TABLE;2026-10-02 06:55:38.820;2026-10-02 06:58:55.770;0
dbo;KioskProducts;"U ";USER_TABLE;2026-09-25 07:08:51.450;2026-10-06 11:24:34.703;0
dbo;KioskSaleLines;"U ";USER_TABLE;2026-10-01 12:10:28.643;2026-10-02 07:49:36.293;0
dbo;KioskSales;"U ";USER_TABLE;2026-10-01 12:10:28.640;2026-10-02 08:10:52.517;0
dbo;KioskTransactions;"U ";USER_TABLE;2026-09-25 07:08:51.457;2026-09-25 07:08:51.457;0
dbo;ManualLunchAdjustments;"U ";USER_TABLE;2026-10-05 08:25:53.573;2026-10-05 08:25:53.583;0
dbo;Meals;"U ";USER_TABLE;2026-09-25 07:08:51.417;2026-09-28 12:17:08.820;0
dbo;Menu;"U ";USER_TABLE;2026-09-28 06:14:51.210;2026-09-28 06:14:51.210;0
dbo;MenuCycles;"U ";USER_TABLE;2026-09-29 08:02:16.400;2026-09-29 08:02:16.450;0
dbo;MenuDays;"U ";USER_TABLE;2026-09-28 07:30:26.087;2026-09-28 07:30:26.100;0
dbo;MenuWeeks;"U ";USER_TABLE;2026-09-28 07:30:26.083;2026-09-29 08:02:16.463;0
dbo;OrderCancellations;"U ";USER_TABLE;2026-09-29 10:21:22.797;2026-09-29 10:48:23.410;0
dbo;Orders;"U ";USER_TABLE;2026-09-28 12:17:08.813;2026-10-07 08:14:48.223;0
dbo;SaladOrderCancellations;"U ";USER_TABLE;2026-10-01 11:43:05.657;2026-10-01 11:43:05.690;0
dbo;SaladOrders;"U ";USER_TABLE;2026-10-01 10:15:42.663;2026-10-07 08:14:48.280;0
dbo;Salads;"U ";USER_TABLE;2026-10-01 09:43:23.647;2026-10-01 10:15:42.667;0
dbo;vwExternalAccountBalances;"V ";VIEW;2026-10-01 12:10:28.700;2026-10-06 11:23:49.023;0
dbo;vwExternalLunchChargeEntries;"V ";VIEW;2026-10-05 11:53:50.040;2026-10-06 11:23:49.003;0
