dbo;Balances;130099504;2026-09-25 07:08:51.473;2026-09-25 07:08:51.473;NON_TEMPORAL_TABLE;0;SCHEMA_AND_DATA;0;TABLE
dbo;DayMeals;818101955;2026-09-28 07:30:26.090;2026-09-28 07:30:26.090;NON_TEMPORAL_TABLE;0;SCHEMA_AND_DATA;0;TABLE
dbo;Employees;1845581613;2026-09-25 06:59:07.110;2026-10-05 08:25:53.583;NON_TEMPORAL_TABLE;0;SCHEMA_AND_DATA;0;TABLE
dbo;ExternalAccountLedger;1518628453;2026-10-01 12:10:28.647;2026-10-01 12:10:28.663;NON_TEMPORAL_TABLE;0;SCHEMA_AND_DATA;0;TABLE
dbo;ExternalAccounts;878626173;2026-10-01 12:10:28.630;2026-10-05 06:34:52.330;NON_TEMPORAL_TABLE;0;SCHEMA_AND_DATA;0;TABLE
dbo;ExternalLunchPrices;1483152329;2026-10-05 11:53:50.010;2026-10-05 11:53:50.010;NON_TEMPORAL_TABLE;0;SCHEMA_AND_DATA;0;TABLE
dbo;GuestOrders;978102525;2026-09-28 10:33:23.397;2026-10-01 10:15:42.667;NON_TEMPORAL_TABLE;0;SCHEMA_AND_DATA;0;TABLE
dbo;GuestSaladOrders;398624463;2026-10-01 10:15:42.667;2026-10-01 11:43:05.670;NON_TEMPORAL_TABLE;0;SCHEMA_AND_DATA;0;TABLE
dbo;ImageAssets;1803153469;2026-10-06 11:24:21.687;2026-10-06 11:24:58.597;NON_TEMPORAL_TABLE;0;SCHEMA_AND_DATA;0;TABLE
dbo;KioskCards;1038626743;2026-10-01 12:10:28.633;2026-10-07 07:16:46.487;NON_TEMPORAL_TABLE;0;SCHEMA_AND_DATA;0;TABLE
dbo;KioskLayoutItems;347148282;2026-10-02 06:55:38.857;2026-10-02 06:55:38.857;NON_TEMPORAL_TABLE;0;SCHEMA_AND_DATA;0;TABLE
dbo;KioskLayouts;219147826;2026-10-02 06:55:38.820;2026-10-02 06:58:55.770;NON_TEMPORAL_TABLE;0;SCHEMA_AND_DATA;0;TABLE
dbo;KioskProducts;2099048;2026-09-25 07:08:51.450;2026-10-06 11:24:34.703;NON_TEMPORAL_TABLE;0;SCHEMA_AND_DATA;0;TABLE
dbo;KioskSaleLines;1406628054;2026-10-01 12:10:28.643;2026-10-02 07:49:36.293;NON_TEMPORAL_TABLE;0;SCHEMA_AND_DATA;0;TABLE
dbo;KioskSales;1214627370;2026-10-01 12:10:28.640;2026-10-02 08:10:52.517;NON_TEMPORAL_TABLE;0;SCHEMA_AND_DATA;0;TABLE
dbo;KioskTransactions;50099219;2026-09-25 07:08:51.457;2026-09-25 07:08:51.457;NON_TEMPORAL_TABLE;0;SCHEMA_AND_DATA;0;TABLE
dbo;ManualLunchAdjustments;1163151189;2026-10-05 08:25:53.573;2026-10-05 08:25:53.583;NON_TEMPORAL_TABLE;0;SCHEMA_AND_DATA;0;TABLE
dbo;Meals;1973582069;2026-09-25 07:08:51.417;2026-09-28 12:17:08.820;NON_TEMPORAL_TABLE;0;SCHEMA_AND_DATA;0;TABLE
dbo;Menu;354100302;2026-09-28 06:14:51.210;2026-09-28 06:14:51.210;NON_TEMPORAL_TABLE;0;SCHEMA_AND_DATA;0;TABLE
dbo;MenuCycles;1618104805;2026-09-29 08:02:16.400;2026-09-29 08:02:16.450;NON_TEMPORAL_TABLE;0;SCHEMA_AND_DATA;0;TABLE
dbo;MenuDays;738101670;2026-09-28 07:30:26.087;2026-09-28 07:30:26.100;NON_TEMPORAL_TABLE;0;SCHEMA_AND_DATA;0;TABLE
dbo;MenuWeeks;658101385;2026-09-28 07:30:26.083;2026-09-29 08:02:16.463;NON_TEMPORAL_TABLE;0;SCHEMA_AND_DATA;0;TABLE
dbo;OrderCancellations;1938105945;2026-09-29 10:21:22.797;2026-09-29 10:48:23.410;NON_TEMPORAL_TABLE;0;SCHEMA_AND_DATA;0;TABLE
dbo;Orders;1298103665;2026-09-28 12:17:08.813;2026-10-07 08:14:48.223;NON_TEMPORAL_TABLE;0;SCHEMA_AND_DATA;0;TABLE
dbo;SaladOrderCancellations;750625717;2026-10-01 11:43:05.657;2026-10-01 11:43:05.690;NON_TEMPORAL_TABLE;0;SCHEMA_AND_DATA;0;TABLE
dbo;SaladOrders;302624121;2026-10-01 10:15:42.663;2026-10-07 08:14:48.280;NON_TEMPORAL_TABLE;0;SCHEMA_AND_DATA;0;TABLE
dbo;Salads;110623437;2026-10-01 09:43:23.647;2026-10-01 10:15:42.667;NON_TEMPORAL_TABLE;0;SCHEMA_AND_DATA;0;TABLE
