dbo;Balances;FK__Balances__Employ__09A971A2;dbo;Employees;NO_ACTION;NO_ACTION;0;0;0
dbo;DayMeals;FK_DayMeals_Meals;dbo;Meals;NO_ACTION;NO_ACTION;0;0;0
dbo;DayMeals;FK_DayMeals_MenuDays;dbo;MenuDays;CASCADE;NO_ACTION;0;0;0
dbo;ExternalAccountLedger;FK_ExternalAccountLedger_Accounts;dbo;ExternalAccounts;NO_ACTION;NO_ACTION;0;0;0
dbo;ExternalAccountLedger;FK_ExternalAccountLedger_Reversal;dbo;ExternalAccountLedger;NO_ACTION;NO_ACTION;0;0;0
dbo;ExternalAccountLedger;FK_ExternalAccountLedger_Sales;dbo;KioskSales;NO_ACTION;NO_ACTION;0;0;0
dbo;GuestOrders;FK_GuestOrders_Employee;dbo;Employees;NO_ACTION;NO_ACTION;0;0;0
dbo;GuestOrders;FK_GuestOrders_Meal;dbo;Meals;NO_ACTION;NO_ACTION;0;0;0
dbo;GuestSaladOrders;FK_GuestSaladOrders_Salads;dbo;Salads;NO_ACTION;NO_ACTION;0;0;0
dbo;KioskCards;FK_KioskCards_ExternalAccounts;dbo;ExternalAccounts;NO_ACTION;NO_ACTION;0;0;0
dbo;KioskLayoutItems;FK_KioskLayoutItems_Layout;dbo;KioskLayouts;NO_ACTION;NO_ACTION;0;0;0
dbo;KioskLayoutItems;FK_KioskLayoutItems_Product;dbo;KioskProducts;NO_ACTION;NO_ACTION;0;0;0
dbo;KioskProducts;FK_KioskProducts_ImageAssets;dbo;ImageAssets;NO_ACTION;NO_ACTION;0;0;0
dbo;KioskSaleLines;FK_KioskSaleLines_Products;dbo;KioskProducts;NO_ACTION;NO_ACTION;0;0;0
dbo;KioskSaleLines;FK_KioskSaleLines_Sales;dbo;KioskSales;NO_ACTION;NO_ACTION;0;0;0
dbo;KioskSales;FK_KioskSales_Cards;dbo;KioskCards;NO_ACTION;NO_ACTION;0;0;0
dbo;KioskSales;FK_KioskSales_ExternalAccounts;dbo;ExternalAccounts;NO_ACTION;NO_ACTION;0;0;0
dbo;KioskTransactions;FK__KioskTran__Emplo__05D8E0BE;dbo;Employees;NO_ACTION;NO_ACTION;0;0;0
dbo;KioskTransactions;FK__KioskTran__Produ__06CD04F7;dbo;KioskProducts;NO_ACTION;NO_ACTION;0;0;0
dbo;ManualLunchAdjustments;FK_ManualLunchAdjustments_Employees;dbo;Employees;NO_ACTION;NO_ACTION;0;0;0
dbo;Menu;FK_Menu_Meals;dbo;Meals;NO_ACTION;NO_ACTION;0;0;0
dbo;MenuDays;FK_MenuDays_MenuWeeks;dbo;MenuWeeks;CASCADE;NO_ACTION;0;0;0
dbo;MenuWeeks;FK_MenuWeeks_MenuCycles;dbo;MenuCycles;NO_ACTION;NO_ACTION;0;0;0
dbo;OrderCancellations;FK_OrderCancellations_GuestOrders;dbo;GuestOrders;NO_ACTION;NO_ACTION;0;0;0
dbo;OrderCancellations;FK_OrderCancellations_Orders;dbo;Orders;NO_ACTION;NO_ACTION;0;0;0
dbo;Orders;FK_Orders_ExternalAccounts;dbo;ExternalAccounts;NO_ACTION;NO_ACTION;0;0;0
dbo;Orders;FK_Orders_KioskCards;dbo;KioskCards;NO_ACTION;NO_ACTION;0;0;0
dbo;Orders;FK_Orders_New_Employee;dbo;Employees;NO_ACTION;NO_ACTION;0;0;0
dbo;Orders;FK_Orders_New_Meal;dbo;Meals;NO_ACTION;NO_ACTION;0;0;0
dbo;SaladOrderCancellations;FK_SaladOrderCancellations_Employee;dbo;SaladOrders;NO_ACTION;NO_ACTION;0;0;0
dbo;SaladOrderCancellations;FK_SaladOrderCancellations_Guest;dbo;GuestSaladOrders;NO_ACTION;NO_ACTION;0;0;0
dbo;SaladOrders;FK_SaladOrders_ExternalAccounts;dbo;ExternalAccounts;NO_ACTION;NO_ACTION;0;0;0
dbo;SaladOrders;FK_SaladOrders_KioskCards;dbo;KioskCards;NO_ACTION;NO_ACTION;0;0;0
dbo;SaladOrders;FK_SaladOrders_Salads;dbo;Salads;NO_ACTION;NO_ACTION;0;0;0
