dbo;Balances;PK__Balances__7AD0F1B69286B922;1;1;EmployeeNo;0;0
dbo;DayMeals;PK_DayMeals;1;1;DayMealID;0;0
dbo;DayMeals;UQ_DayMeals_Day_Meal;1;1;MenuDayID;0;0
dbo;DayMeals;UQ_DayMeals_Day_Meal;2;2;MealID;0;0
dbo;Employees;PK__Employee__7AD0F1B670ECEDB0;1;1;EmployeeNo;0;0
dbo;Employees;UX_Employees_CardNumber;1;1;CardNumber;0;0
dbo;ExternalAccountLedger;PK_ExternalAccountLedger;1;1;LedgerEntryID;0;0
dbo;ExternalAccountLedger;IX_ExternalAccountLedger_AccountTime;1;1;ExternalAccountID;0;0
dbo;ExternalAccountLedger;IX_ExternalAccountLedger_AccountTime;2;2;EntryTime;0;0
dbo;ExternalAccountLedger;IX_ExternalAccountLedger_AccountTime;3;3;LedgerEntryID;0;0
dbo;ExternalAccountLedger;IX_ExternalAccountLedger_AccountTime;4;0;EntryType;0;1
dbo;ExternalAccountLedger;IX_ExternalAccountLedger_AccountTime;5;0;AmountCents;0;1
dbo;ExternalAccountLedger;IX_ExternalAccountLedger_AccountTime;6;0;SaleID;0;1
dbo;ExternalAccountLedger;IX_ExternalAccountLedger_AccountTime;7;0;SettlementReference;0;1
dbo;ExternalAccountLedger;IX_ExternalAccountLedger_AccountTime;8;0;InvoiceNumber;0;1
dbo;ExternalAccountLedger;IX_ExternalAccountLedger_SaleID;1;1;SaleID;0;0
dbo;ExternalAccountLedger;IX_ExternalAccountLedger_SaleID;2;0;ExternalAccountID;0;1
dbo;ExternalAccountLedger;IX_ExternalAccountLedger_SaleID;3;0;EntryType;0;1
dbo;ExternalAccountLedger;IX_ExternalAccountLedger_SaleID;4;0;AmountCents;0;1
dbo;ExternalAccountLedger;UX_ExternalAccountLedger_PurchaseSale;1;1;SaleID;0;0
dbo;ExternalAccountLedger;UX_ExternalAccountLedger_ReversesEntry;1;1;ReversesLedgerEntryID;0;0
dbo;ExternalAccounts;PK_ExternalAccounts;1;1;ExternalAccountID;0;0
dbo;ExternalAccounts;IX_ExternalAccounts_ActiveMode;1;1;IsActive;0;0
dbo;ExternalAccounts;IX_ExternalAccounts_ActiveMode;2;2;AccountMode;0;0
dbo;ExternalAccounts;IX_ExternalAccounts_ActiveMode;3;3;DisplayName;0;0
dbo;ExternalAccounts;IX_ExternalAccounts_ActiveMode;4;0;CompanyName;0;1
dbo;ExternalAccounts;IX_ExternalAccounts_ActiveMode;5;0;ValidFrom;0;1
dbo;ExternalAccounts;IX_ExternalAccounts_ActiveMode;6;0;ValidUntil;0;1
dbo;ExternalAccounts;IX_ExternalAccounts_ActiveMode;7;0;CreditLimitCents;0;1
dbo;ExternalLunchPrices;PK_ExternalLunchPrices;1;1;ExternalLunchPriceID;0;0
dbo;ExternalLunchPrices;UQ_ExternalLunchPrices_ValidFrom;1;1;ValidFrom;0;0
dbo;GuestOrders;PK__GuestOrd__773A898A08AB97EF;1;1;GuestOrderID;0;0
dbo;GuestSaladOrders;PK_GuestSaladOrders;1;1;GuestSaladOrderID;0;0
dbo;GuestSaladOrders;UQ_GuestSaladOrders_HostDateSalad;1;1;HostEmployeeNo;0;0
dbo;GuestSaladOrders;UQ_GuestSaladOrders_HostDateSalad;2;2;MenuDate;0;0
dbo;GuestSaladOrders;UQ_GuestSaladOrders_HostDateSalad;3;3;SaladID;0;0
dbo;GuestSaladOrders;IX_GuestSaladOrders_Date;1;1;MenuDate;0;0
dbo;GuestSaladOrders;IX_GuestSaladOrders_Date;2;0;HostEmployeeNo;0;1
dbo;GuestSaladOrders;IX_GuestSaladOrders_Date;3;0;SaladID;0;1
dbo;GuestSaladOrders;IX_GuestSaladOrders_Date;4;0;Quantity;0;1
dbo;GuestSaladOrders;IX_GuestSaladOrders_Date;5;0;WorkTask;0;1
dbo;ImageAssets;PK__ImageAss__16EED56DA638C083;1;1;ImageAssetID;0;0
dbo;KioskCards;PK_KioskCards;1;1;CardID;0;0
dbo;KioskCards;UQ_KioskCards_CardNumber;1;1;CardNumber;0;0
dbo;KioskCards;IX_KioskCards_EmployeeNo;1;1;EmployeeNo;0;0
dbo;KioskCards;IX_KioskCards_ExternalAccountID;1;1;ExternalAccountID;0;0
dbo;KioskCards;IX_KioskCards_ActiveValidity;1;1;IsActive;0;0
dbo;KioskCards;IX_KioskCards_ActiveValidity;2;2;ValidFrom;0;0
dbo;KioskCards;IX_KioskCards_ActiveValidity;3;3;ValidUntil;0;0
dbo;KioskCards;IX_KioskCards_ActiveValidity;4;0;CardNumber;0;1
dbo;KioskCards;IX_KioskCards_ActiveValidity;5;0;OwnerType;0;1
dbo;KioskCards;IX_KioskCards_ActiveValidity;6;0;EmployeeNo;0;1
dbo;KioskCards;IX_KioskCards_ActiveValidity;7;0;ExternalAccountID;0;1
dbo;KioskLayoutItems;PK_KioskLayoutItems;1;1;LayoutItemID;0;0
dbo;KioskLayoutItems;UQ_KioskLayoutItems_Position;1;1;LayoutID;0;0
dbo;KioskLayoutItems;UQ_KioskLayoutItems_Position;2;2;ColumnNo;0;0
dbo;KioskLayoutItems;UQ_KioskLayoutItems_Position;3;3;RowNo;0;0
dbo;KioskLayoutItems;UQ_KioskLayoutItems_Product;1;1;LayoutID;0;0
dbo;KioskLayoutItems;UQ_KioskLayoutItems_Product;2;2;ProductID;0;0
dbo;KioskLayouts;PK_KioskLayouts;1;1;LayoutID;0;0
dbo;KioskLayouts;UQ_KioskLayouts_LayoutName;1;1;LayoutName;0;0
dbo;KioskLayouts;UX_KioskLayouts_OneDefault;1;1;IsDefault;0;0
dbo;KioskProducts;PK__KioskPro__B40CC6EDFBBB280B;1;1;ProductID;0;0
dbo;KioskSaleLines;PK_KioskSaleLines;1;1;SaleLineID;0;0
dbo;KioskSaleLines;IX_KioskSaleLines_SaleID;1;1;SaleID;0;0
dbo;KioskSaleLines;IX_KioskSaleLines_SaleID;2;0;ProductID;0;1
dbo;KioskSaleLines;IX_KioskSaleLines_SaleID;3;0;ProductNameSnapshot;0;1
dbo;KioskSaleLines;IX_KioskSaleLines_SaleID;4;0;UnitPriceCents;0;1
dbo;KioskSaleLines;IX_KioskSaleLines_SaleID;5;0;Quantity;0;1
dbo;KioskSaleLines;IX_KioskSaleLines_SaleID;6;0;LineTotalCents;0;1
dbo;KioskSaleLines;IX_KioskSaleLines_ProductID;1;1;ProductID;0;0
dbo;KioskSaleLines;IX_KioskSaleLines_ProductID;2;2;SaleID;0;0
dbo;KioskSaleLines;IX_KioskSaleLines_ProductID;3;0;Quantity;0;1
dbo;KioskSaleLines;IX_KioskSaleLines_ProductID;4;0;UnitPriceCents;0;1
dbo;KioskSaleLines;IX_KioskSaleLines_ProductID;5;0;LineTotalCents;0;1
dbo;KioskSales;PK_KioskSales;1;1;SaleID;0;0
dbo;KioskSales;IX_KioskSales_SaleTime;1;1;SaleTime;1;0
dbo;KioskSales;IX_KioskSales_SaleTime;2;0;CardID;0;1
dbo;KioskSales;IX_KioskSales_SaleTime;3;0;OwnerType;0;1
dbo;KioskSales;IX_KioskSales_SaleTime;4;0;EmployeeNo;0;1
dbo;KioskSales;IX_KioskSales_SaleTime;5;0;ExternalAccountID;0;1
dbo;KioskSales;IX_KioskSales_SaleTime;6;0;TotalCents;0;1
dbo;KioskSales;IX_KioskSales_SaleTime;7;0;Status;0;1
dbo;KioskSales;IX_KioskSales_EmployeeNo;1;1;EmployeeNo;0;0
dbo;KioskSales;IX_KioskSales_EmployeeNo;2;2;SaleTime;1;0
dbo;KioskSales;IX_KioskSales_EmployeeNo;3;0;TotalCents;0;1
dbo;KioskSales;IX_KioskSales_EmployeeNo;4;0;Status;0;1
dbo;KioskSales;IX_KioskSales_ExternalAccountID;1;1;ExternalAccountID;0;0
dbo;KioskSales;IX_KioskSales_ExternalAccountID;2;2;SaleTime;1;0
dbo;KioskSales;IX_KioskSales_ExternalAccountID;3;0;TotalCents;0;1
dbo;KioskSales;IX_KioskSales_ExternalAccountID;4;0;Status;0;1
dbo;KioskSales;UX_KioskSales_RequestID;1;1;RequestID;0;0
dbo;KioskTransactions;PK__KioskTra__55433A4B01D2A8D1;1;1;TransactionID;0;0
dbo;ManualLunchAdjustments;PK_ManualLunchAdjustments;1;1;AdjustmentID;0;0
dbo;ManualLunchAdjustments;IX_ManualLunchAdjustments_MenuDate_EmployeeNo;1;1;MenuDate;0;0
dbo;ManualLunchAdjustments;IX_ManualLunchAdjustments_MenuDate_EmployeeNo;2;2;EmployeeNo;0;0
dbo;Meals;PK__Meals__ACF6A65D46AC5673;1;1;MealID;0;0
dbo;Menu;PK__Menu__C99ED2500D83E658;1;1;MenuID;0;0
dbo;MenuCycles;PK_MenuCycles;1;1;MenuCycleID;0;0
dbo;MenuCycles;IX_MenuCycles_Status_StartDate;1;1;Status;0;0
dbo;MenuCycles;IX_MenuCycles_Status_StartDate;2;2;StartDate;0;0
dbo;MenuDays;PK_MenuDays;1;1;MenuDayID;0;0
dbo;MenuDays;UQ_MenuDays_Week_Day;1;1;MenuWeekID;0;0
dbo;MenuDays;UQ_MenuDays_Week_Day;2;2;DayNumber;0;0
dbo;MenuWeeks;PK_MenuWeeks;1;1;MenuWeekID;0;0
dbo;MenuWeeks;UQ_MenuWeeks_Cycle_Week;1;1;MenuCycleID;0;0
dbo;MenuWeeks;UQ_MenuWeeks_Cycle_Week;2;2;WeekNumber;0;0
dbo;MenuWeeks;IX_MenuWeeks_MenuCycleID;1;1;MenuCycleID;0;0
dbo;OrderCancellations;PK_OrderCancellations;1;1;OrderCancellationID;0;0
dbo;OrderCancellations;IX_OrderCancellations_OrderID;1;1;OrderID;0;0
dbo;OrderCancellations;IX_OrderCancellations_GuestOrderID;1;1;GuestOrderID;0;0
dbo;OrderCancellations;IX_OrderCancellations_CancelledAt;1;1;CancelledAt;0;0
dbo;OrderCancellations;IX_OrderCancellations_ReasonCode;1;1;ReasonCode;0;0
dbo;Orders;PK_Orders_New;1;1;OrderID;0;0
dbo;Orders;UX_Orders_Employee_Date_Meal;1;1;EmployeeNo;0;0
dbo;Orders;UX_Orders_Employee_Date_Meal;2;2;MenuDate;0;0
dbo;Orders;UX_Orders_Employee_Date_Meal;3;3;OrderedMealID;0;0
dbo;Orders;UX_Orders_Card_Date_Meal;1;1;CardID;0;0
dbo;Orders;UX_Orders_Card_Date_Meal;2;2;MenuDate;0;0
dbo;Orders;UX_Orders_Card_Date_Meal;3;3;OrderedMealID;0;0
dbo;SaladOrderCancellations;PK_SaladOrderCancellations;1;1;SaladOrderCancellationID;0;0
dbo;SaladOrderCancellations;IX_SaladOrderCancellations_Employee;1;1;SaladOrderID;0;0
dbo;SaladOrderCancellations;IX_SaladOrderCancellations_Guest;1;1;GuestSaladOrderID;0;0
dbo;SaladOrders;PK_SaladOrders;1;1;SaladOrderID;0;0
dbo;SaladOrders;UX_SaladOrders_Employee_Date_Salad;1;1;EmployeeNo;0;0
dbo;SaladOrders;UX_SaladOrders_Employee_Date_Salad;2;2;MenuDate;0;0
dbo;SaladOrders;UX_SaladOrders_Employee_Date_Salad;3;3;SaladID;0;0
dbo;SaladOrders;IX_SaladOrders_Date;1;1;MenuDate;0;0
dbo;SaladOrders;IX_SaladOrders_Date;2;0;EmployeeNo;0;1
dbo;SaladOrders;IX_SaladOrders_Date;3;0;SaladID;0;1
dbo;SaladOrders;IX_SaladOrders_Date;4;0;Quantity;0;1
dbo;SaladOrders;UX_SaladOrders_Card_Date_Salad;1;1;CardID;0;0
dbo;SaladOrders;UX_SaladOrders_Card_Date_Salad;2;2;MenuDate;0;0
dbo;SaladOrders;UX_SaladOrders_Card_Date_Salad;3;3;SaladID;0;0
dbo;Salads;PK_Salads;1;1;SaladID;0;0
dbo;Salads;IX_Salads_ActiveSort;1;1;IsActive;0;0
dbo;Salads;IX_Salads_ActiveSort;2;2;SortOrder;0;0
dbo;Salads;IX_Salads_ActiveSort;3;3;SaladID;0;0
dbo;Salads;IX_Salads_ActiveSort;4;0;NameEn;0;1
dbo;Salads;IX_Salads_ActiveSort;5;0;NameSv;0;1
dbo;Salads;IX_Salads_ActiveSort;6;0;NameFi;0;1
