dbo;CK_ExternalAccountLedger_Amount;CHECK_CONSTRAINT;0;NULL;NULL;NULL;dbo;ExternalAccountLedger;5;AmountCents;1;0
dbo;CK_ExternalAccountLedger_CreatedBy;CHECK_CONSTRAINT;0;NULL;NULL;NULL;dbo;ExternalAccountLedger;10;CreatedBy;1;0
dbo;CK_ExternalAccountLedger_EntryType;CHECK_CONSTRAINT;0;NULL;NULL;NULL;dbo;ExternalAccountLedger;4;EntryType;1;0
dbo;CK_ExternalAccountLedger_NoSelfReversal;CHECK_CONSTRAINT;0;NULL;NULL;NULL;dbo;ExternalAccountLedger;1;LedgerEntryID;1;0
dbo;CK_ExternalAccountLedger_NoSelfReversal;CHECK_CONSTRAINT;0;NULL;NULL;NULL;dbo;ExternalAccountLedger;11;ReversesLedgerEntryID;1;0
dbo;CK_ExternalAccountLedger_PurchaseSale;CHECK_CONSTRAINT;0;NULL;NULL;NULL;dbo;ExternalAccountLedger;4;EntryType;1;0
dbo;CK_ExternalAccountLedger_PurchaseSale;CHECK_CONSTRAINT;0;NULL;NULL;NULL;dbo;ExternalAccountLedger;6;SaleID;1;0
dbo;CK_ExternalAccountLedger_ReversalLink;CHECK_CONSTRAINT;0;NULL;NULL;NULL;dbo;ExternalAccountLedger;4;EntryType;1;0
dbo;CK_ExternalAccountLedger_ReversalLink;CHECK_CONSTRAINT;0;NULL;NULL;NULL;dbo;ExternalAccountLedger;11;ReversesLedgerEntryID;1;0
dbo;CK_ExternalAccounts_AccountMode;CHECK_CONSTRAINT;0;NULL;NULL;NULL;dbo;ExternalAccounts;4;AccountMode;1;0
dbo;CK_ExternalAccounts_CreditLimit;CHECK_CONSTRAINT;0;NULL;NULL;NULL;dbo;ExternalAccounts;9;CreditLimitCents;1;0
dbo;CK_ExternalAccounts_DisplayName;CHECK_CONSTRAINT;0;NULL;NULL;NULL;dbo;ExternalAccounts;2;DisplayName;1;0
dbo;CK_ExternalAccounts_ModeCreditLimit;CHECK_CONSTRAINT;0;NULL;NULL;NULL;dbo;ExternalAccounts;4;AccountMode;1;0
dbo;CK_ExternalAccounts_ModeCreditLimit;CHECK_CONSTRAINT;0;NULL;NULL;NULL;dbo;ExternalAccounts;9;CreditLimitCents;1;0
dbo;CK_ExternalAccounts_Validity;CHECK_CONSTRAINT;0;NULL;NULL;NULL;dbo;ExternalAccounts;11;ValidFrom;1;0
dbo;CK_ExternalAccounts_Validity;CHECK_CONSTRAINT;0;NULL;NULL;NULL;dbo;ExternalAccounts;12;ValidUntil;1;0
dbo;CK_ExternalLunchPrices_PriceCents;CHECK_CONSTRAINT;0;NULL;NULL;NULL;dbo;ExternalLunchPrices;2;PriceCents;1;0
dbo;CK_GuestSaladOrders_Quantity;CHECK_CONSTRAINT;0;NULL;NULL;NULL;dbo;GuestSaladOrders;5;Quantity;1;0
dbo;CK_KioskCards_CardNumber;CHECK_CONSTRAINT;0;NULL;NULL;NULL;dbo;KioskCards;2;CardNumber;1;0
dbo;CK_KioskCards_Owner;CHECK_CONSTRAINT;0;NULL;NULL;NULL;dbo;KioskCards;3;OwnerType;1;0
dbo;CK_KioskCards_Owner;CHECK_CONSTRAINT;0;NULL;NULL;NULL;dbo;KioskCards;4;EmployeeNo;1;0
dbo;CK_KioskCards_Owner;CHECK_CONSTRAINT;0;NULL;NULL;NULL;dbo;KioskCards;5;ExternalAccountID;1;0
dbo;CK_KioskCards_OwnerType;CHECK_CONSTRAINT;0;NULL;NULL;NULL;dbo;KioskCards;3;OwnerType;1;0
dbo;CK_KioskCards_Validity;CHECK_CONSTRAINT;0;NULL;NULL;NULL;dbo;KioskCards;8;ValidFrom;1;0
dbo;CK_KioskCards_Validity;CHECK_CONSTRAINT;0;NULL;NULL;NULL;dbo;KioskCards;9;ValidUntil;1;0
dbo;CK_KioskLayoutItems_ColumnNo;CHECK_CONSTRAINT;0;NULL;NULL;NULL;dbo;KioskLayoutItems;4;ColumnNo;1;0
dbo;CK_KioskLayoutItems_RowNo;CHECK_CONSTRAINT;0;NULL;NULL;NULL;dbo;KioskLayoutItems;5;RowNo;1;0
dbo;CK_KioskLayouts_LayoutName;CHECK_CONSTRAINT;0;NULL;NULL;NULL;dbo;KioskLayouts;2;LayoutName;1;0
dbo;CK_KioskProducts_NameEN;CHECK_CONSTRAINT;0;NULL;NULL;NULL;dbo;KioskProducts;2;NameEN;1;0
dbo;CK_KioskProducts_Price;CHECK_CONSTRAINT;0;NULL;NULL;NULL;dbo;KioskProducts;5;Price;1;0
dbo;CK_KioskSaleLines_LineTotalCents;CHECK_CONSTRAINT;0;NULL;NULL;NULL;dbo;KioskSaleLines;5;UnitPriceCents;1;0
dbo;CK_KioskSaleLines_LineTotalCents;CHECK_CONSTRAINT;0;NULL;NULL;NULL;dbo;KioskSaleLines;6;Quantity;1;0
dbo;CK_KioskSaleLines_LineTotalCents;CHECK_CONSTRAINT;0;NULL;NULL;NULL;dbo;KioskSaleLines;7;LineTotalCents;1;0
dbo;CK_KioskSaleLines_ProductName;CHECK_CONSTRAINT;0;NULL;NULL;NULL;dbo;KioskSaleLines;4;ProductNameSnapshot;1;0
dbo;CK_KioskSaleLines_Quantity;CHECK_CONSTRAINT;0;NULL;NULL;NULL;dbo;KioskSaleLines;6;Quantity;1;0
dbo;CK_KioskSaleLines_UnitPrice;CHECK_CONSTRAINT;0;NULL;NULL;NULL;dbo;KioskSaleLines;5;UnitPriceCents;1;0
dbo;CK_KioskSaleLines_UnitPriceCents;CHECK_CONSTRAINT;0;NULL;NULL;NULL;dbo;KioskSaleLines;5;UnitPriceCents;1;0
dbo;CK_KioskSales_Owner;CHECK_CONSTRAINT;0;NULL;NULL;NULL;dbo;KioskSales;3;OwnerType;1;0
dbo;CK_KioskSales_Owner;CHECK_CONSTRAINT;0;NULL;NULL;NULL;dbo;KioskSales;4;EmployeeNo;1;0
dbo;CK_KioskSales_Owner;CHECK_CONSTRAINT;0;NULL;NULL;NULL;dbo;KioskSales;5;ExternalAccountID;1;0
dbo;CK_KioskSales_OwnerReference;CHECK_CONSTRAINT;0;NULL;NULL;NULL;dbo;KioskSales;2;CardID;1;0
dbo;CK_KioskSales_OwnerReference;CHECK_CONSTRAINT;0;NULL;NULL;NULL;dbo;KioskSales;3;OwnerType;1;0
dbo;CK_KioskSales_OwnerReference;CHECK_CONSTRAINT;0;NULL;NULL;NULL;dbo;KioskSales;4;EmployeeNo;1;0
dbo;CK_KioskSales_OwnerReference;CHECK_CONSTRAINT;0;NULL;NULL;NULL;dbo;KioskSales;5;ExternalAccountID;1;0
dbo;CK_KioskSales_OwnerType;CHECK_CONSTRAINT;0;NULL;NULL;NULL;dbo;KioskSales;3;OwnerType;1;0
dbo;CK_KioskSales_Status;CHECK_CONSTRAINT;0;NULL;NULL;NULL;dbo;KioskSales;8;Status;1;0
dbo;CK_KioskSales_TotalCents;CHECK_CONSTRAINT;0;NULL;NULL;NULL;dbo;KioskSales;7;TotalCents;1;0
dbo;CK_KioskSales_VoidFields;CHECK_CONSTRAINT;0;NULL;NULL;NULL;dbo;KioskSales;8;Status;1;0
dbo;CK_KioskSales_VoidFields;CHECK_CONSTRAINT;0;NULL;NULL;NULL;dbo;KioskSales;10;VoidedAt;1;0
dbo;CK_KioskSales_VoidFields;CHECK_CONSTRAINT;0;NULL;NULL;NULL;dbo;KioskSales;11;VoidedBy;1;0
dbo;CK_KioskSales_VoidFields;CHECK_CONSTRAINT;0;NULL;NULL;NULL;dbo;KioskSales;12;VoidReason;1;0
dbo;CK_ManualLunchAdjustments_Quantity;CHECK_CONSTRAINT;0;NULL;NULL;NULL;dbo;ManualLunchAdjustments;4;Quantity;1;0
dbo;CK_MenuCycles_NumberOfWeeks;CHECK_CONSTRAINT;0;NULL;NULL;NULL;dbo;MenuCycles;4;NumberOfWeeks;1;0
dbo;CK_MenuCycles_Status;CHECK_CONSTRAINT;0;NULL;NULL;NULL;dbo;MenuCycles;5;Status;1;0
dbo;CK_MenuDays_DayNumber;CHECK_CONSTRAINT;0;NULL;NULL;NULL;dbo;MenuDays;3;DayNumber;1;0
dbo;CK_MenuWeeks_WeekNumber;CHECK_CONSTRAINT;0;NULL;NULL;NULL;dbo;MenuWeeks;2;WeekNumber;1;0
dbo;CK_OrderCancellations_OrderType;CHECK_CONSTRAINT;0;NULL;NULL;NULL;dbo;OrderCancellations;2;OrderType;1;0
dbo;CK_OrderCancellations_Quantity;CHECK_CONSTRAINT;0;NULL;NULL;NULL;dbo;OrderCancellations;5;Quantity;1;0
dbo;CK_OrderCancellations_ReasonCode;CHECK_CONSTRAINT;0;NULL;NULL;NULL;dbo;OrderCancellations;6;ReasonCode;1;0
dbo;CK_OrderCancellations_Reference;CHECK_CONSTRAINT;0;NULL;NULL;NULL;dbo;OrderCancellations;2;OrderType;1;0
dbo;CK_OrderCancellations_Reference;CHECK_CONSTRAINT;0;NULL;NULL;NULL;dbo;OrderCancellations;3;OrderID;1;0
dbo;CK_OrderCancellations_Reference;CHECK_CONSTRAINT;0;NULL;NULL;NULL;dbo;OrderCancellations;4;GuestOrderID;1;0
dbo;CK_Orders_New_Quantity;CHECK_CONSTRAINT;0;NULL;NULL;NULL;dbo;Orders;5;Quantity;1;0
dbo;CK_SaladOrderCancellations_OrderType;CHECK_CONSTRAINT;0;NULL;NULL;NULL;dbo;SaladOrderCancellations;2;OrderType;1;0
dbo;CK_SaladOrderCancellations_Quantity;CHECK_CONSTRAINT;0;NULL;NULL;NULL;dbo;SaladOrderCancellations;5;Quantity;1;0
dbo;CK_SaladOrderCancellations_Source;CHECK_CONSTRAINT;0;NULL;NULL;NULL;dbo;SaladOrderCancellations;2;OrderType;1;0
dbo;CK_SaladOrderCancellations_Source;CHECK_CONSTRAINT;0;NULL;NULL;NULL;dbo;SaladOrderCancellations;3;SaladOrderID;1;0
dbo;CK_SaladOrderCancellations_Source;CHECK_CONSTRAINT;0;NULL;NULL;NULL;dbo;SaladOrderCancellations;4;GuestSaladOrderID;1;0
dbo;CK_SaladOrders_Quantity;CHECK_CONSTRAINT;0;NULL;NULL;NULL;dbo;SaladOrders;5;Quantity;1;0
dbo;CK_Salads_NameEn_NotBlank;CHECK_CONSTRAINT;0;NULL;NULL;NULL;dbo;Salads;2;NameEn;1;0
dbo;CK_Salads_NameFi_NotBlank;CHECK_CONSTRAINT;0;NULL;NULL;NULL;dbo;Salads;4;NameFi;1;0
dbo;CK_Salads_NameSv_NotBlank;CHECK_CONSTRAINT;0;NULL;NULL;NULL;dbo;Salads;3;NameSv;1;0
dbo;CK_Salads_SortOrder_NonNegative;CHECK_CONSTRAINT;0;NULL;NULL;NULL;dbo;Salads;6;SortOrder;1;0
dbo;Employees;USER_TABLE;4;Email;NULL;NULL;dbo;Employees;5;CardNumber;1;0
dbo;ExternalAccountLedger;USER_TABLE;4;EntryType;NULL;NULL;dbo;ExternalAccountLedger;4;EntryType;1;0
dbo;ExternalAccountLedger;USER_TABLE;3;EntryTime;NULL;NULL;dbo;ExternalAccountLedger;6;SaleID;1;0
dbo;ExternalAccountLedger;USER_TABLE;4;EntryType;NULL;NULL;dbo;ExternalAccountLedger;6;SaleID;1;0
dbo;ExternalAccountLedger;USER_TABLE;5;AmountCents;NULL;NULL;dbo;ExternalAccountLedger;11;ReversesLedgerEntryID;1;0
dbo;KioskCards;USER_TABLE;3;OwnerType;NULL;NULL;dbo;KioskCards;4;EmployeeNo;1;0
dbo;KioskCards;USER_TABLE;4;EmployeeNo;NULL;NULL;dbo;KioskCards;5;ExternalAccountID;1;0
dbo;KioskLayouts;USER_TABLE;3;IsActive;NULL;NULL;dbo;KioskLayouts;4;IsDefault;1;0
dbo;KioskSaleLines;USER_TABLE;7;LineTotalCents;NULL;NULL;dbo;KioskSaleLines;5;UnitPriceCents;1;0
dbo;KioskSaleLines;USER_TABLE;7;LineTotalCents;NULL;NULL;dbo;KioskSaleLines;6;Quantity;1;0
dbo;KioskSales;USER_TABLE;3;OwnerType;NULL;NULL;dbo;KioskSales;4;EmployeeNo;1;0
dbo;KioskSales;USER_TABLE;4;EmployeeNo;NULL;NULL;dbo;KioskSales;5;ExternalAccountID;1;0
dbo;KioskSales;USER_TABLE;5;ExternalAccountID;NULL;NULL;dbo;KioskSales;13;RequestID;1;0
dbo;OrderCancellations;USER_TABLE;2;OrderType;NULL;NULL;dbo;OrderCancellations;3;OrderID;1;0
dbo;OrderCancellations;USER_TABLE;3;OrderID;NULL;NULL;dbo;OrderCancellations;4;GuestOrderID;1;0
dbo;Orders;USER_TABLE;2;EmployeeNo;NULL;NULL;dbo;Orders;2;EmployeeNo;1;0
dbo;Orders;USER_TABLE;6;OrderTime;NULL;NULL;dbo;Orders;9;CardID;1;0
dbo;SaladOrderCancellations;USER_TABLE;2;OrderType;NULL;NULL;dbo;SaladOrderCancellations;3;SaladOrderID;1;0
dbo;SaladOrderCancellations;USER_TABLE;3;SaladOrderID;NULL;NULL;dbo;SaladOrderCancellations;4;GuestSaladOrderID;1;0
dbo;SaladOrders;USER_TABLE;2;EmployeeNo;NULL;NULL;dbo;SaladOrders;2;EmployeeNo;1;0
dbo;SaladOrders;USER_TABLE;6;OrderTime;NULL;NULL;dbo;SaladOrders;8;CardID;1;0
dbo;vwExternalAccountBalances;VIEW;0;NULL;NULL;NULL;dbo;ExternalAccountLedger;0;NULL;0;0
dbo;vwExternalAccountBalances;VIEW;0;NULL;NULL;NULL;dbo;ExternalAccounts;0;NULL;0;0
dbo;vwExternalAccountBalances;VIEW;0;NULL;NULL;NULL;dbo;vwExternalLunchChargeEntries;0;NULL;0;0
dbo;vwExternalLunchChargeEntries;VIEW;0;NULL;NULL;NULL;dbo;ExternalLunchPrices;0;NULL;0;0
dbo;vwExternalLunchChargeEntries;VIEW;0;NULL;NULL;NULL;dbo;Meals;0;NULL;0;0
dbo;vwExternalLunchChargeEntries;VIEW;0;NULL;NULL;NULL;dbo;OrderCancellations;0;NULL;0;0
dbo;vwExternalLunchChargeEntries;VIEW;0;NULL;NULL;NULL;dbo;Orders;0;NULL;0;0
dbo;vwExternalLunchChargeEntries;VIEW;0;NULL;NULL;NULL;dbo;SaladOrderCancellations;0;NULL;0;0
dbo;vwExternalLunchChargeEntries;VIEW;0;NULL;NULL;NULL;dbo;SaladOrders;0;NULL;0;0
dbo;vwExternalLunchChargeEntries;VIEW;0;NULL;NULL;NULL;dbo;Salads;0;NULL;0;0
