dbo;dbo;GRANT;CONNECT;DATABASE;lunchappdb-dev
public;dbo;GRANT;SELECT;OBJECT_OR_COLUMN;[sys].[all_columns]
public;dbo;GRANT;SELECT;OBJECT_OR_COLUMN;[sys].[all_objects]
public;dbo;GRANT;SELECT;OBJECT_OR_COLUMN;[sys].[all_parameters]
public;dbo;GRANT;SELECT;OBJECT_OR_COLUMN;[sys].[all_sql_modules]
public;dbo;GRANT;SELECT;OBJECT_OR_COLUMN;[sys].[all_views]
public;dbo;GRANT;SELECT;OBJECT_OR_COLUMN;[sys].[allocation_units]
public;dbo;GRANT;SELECT;OBJECT_OR_COLUMN;[sys].[assemblies]
public;dbo;GRANT;SELECT;OBJECT_OR_COLUMN;[sys].[assembly_files]
public;dbo;GRANT;SELECT;OBJECT_OR_COLUMN;[sys].[assembly_modules]
public;dbo;GRANT;SELECT;OBJECT_OR_COLUMN;[sys].[assembly_references]
public;dbo;GRANT;SELECT;OBJECT_OR_COLUMN;[sys].[assembly_types]
public;dbo;GRANT;SELECT;OBJECT_OR_COLUMN;[sys].[asymmetric_keys]
public;dbo;GRANT;SELECT;OBJECT_OR_COLUMN;[sys].[certificates]
public;dbo;GRANT;SELECT;OBJECT_OR_COLUMN;[sys].[change_tracking_tables]
public;dbo;GRANT;SELECT;OBJECT_OR_COLUMN;[sys].[check_constraints]
public;dbo;GRANT;SELECT;OBJECT_OR_COLUMN;[sys].[column_encryption_key_values]
public;dbo;GRANT;SELECT;OBJECT_OR_COLUMN;[sys].[column_encryption_keys]
public;dbo;GRANT;SELECT;OBJECT_OR_COLUMN;[sys].[column_master_key_definitions]
public;dbo;GRANT;SELECT;OBJECT_OR_COLUMN;[sys].[column_master_keys]
public;dbo;GRANT;SELECT;OBJECT_OR_COLUMN;[sys].[column_store_dictionaries]
public;dbo;GRANT;SELECT;OBJECT_OR_COLUMN;[sys].[column_store_row_groups]
public;dbo;GRANT;SELECT;OBJECT_OR_COLUMN;[sys].[column_store_segments]
public;dbo;GRANT;SELECT;OBJECT_OR_COLUMN;[sys].[column_type_usages]
public;dbo;GRANT;SELECT;OBJECT_OR_COLUMN;[sys].[column_xml_schema_collection_usages]
public;dbo;GRANT;SELECT;OBJECT_OR_COLUMN;[sys].[columns]
public;dbo;GRANT;SELECT;OBJECT_OR_COLUMN;[sys].[computed_columns]
public;dbo;GRANT;SELECT;OBJECT_OR_COLUMN;[sys].[conversation_endpoints]
public;dbo;GRANT;SELECT;OBJECT_OR_COLUMN;[sys].[conversation_groups]
public;dbo;GRANT;SELECT;OBJECT_OR_COLUMN;[sys].[conversation_priorities]
public;dbo;GRANT;SELECT;OBJECT_OR_COLUMN;[sys].[crypt_properties]
public;dbo;GRANT;SELECT;OBJECT_OR_COLUMN;[sys].[data_spaces]
public;dbo;GRANT;SELECT;OBJECT_OR_COLUMN;[sys].[database_audit_specification_details]
public;dbo;GRANT;SELECT;OBJECT_OR_COLUMN;[sys].[database_audit_specifications]
public;dbo;GRANT;SELECT;OBJECT_OR_COLUMN;[sys].[database_automatic_tuning_configurations]
public;dbo;GRANT;SELECT;OBJECT_OR_COLUMN;[sys].[database_automatic_tuning_mode]
public;dbo;GRANT;SELECT;OBJECT_OR_COLUMN;[sys].[database_automatic_tuning_options]
public;dbo;GRANT;SELECT;OBJECT_OR_COLUMN;[sys].[database_credentials]
public;dbo;GRANT;SELECT;OBJECT_OR_COLUMN;[sys].[database_event_session_actions]
public;dbo;GRANT;SELECT;OBJECT_OR_COLUMN;[sys].[database_event_session_events]
public;dbo;GRANT;SELECT;OBJECT_OR_COLUMN;[sys].[database_event_session_fields]
public;dbo;GRANT;SELECT;OBJECT_OR_COLUMN;[sys].[database_event_session_targets]
public;dbo;GRANT;SELECT;OBJECT_OR_COLUMN;[sys].[database_event_sessions]
public;dbo;GRANT;SELECT;OBJECT_OR_COLUMN;[sys].[database_files]
public;sys;GRANT;SELECT;OBJECT_OR_COLUMN;[sys].[database_firewall_rules]
public;dbo;GRANT;SELECT;OBJECT_OR_COLUMN;[sys].[database_ledger_blocks]
public;dbo;GRANT;SELECT;OBJECT_OR_COLUMN;[sys].[database_ledger_digest_locations]
public;dbo;GRANT;SELECT;OBJECT_OR_COLUMN;[sys].[database_ledger_transactions]
public;dbo;GRANT;SELECT;OBJECT_OR_COLUMN;[sys].[database_permissions]
public;dbo;GRANT;SELECT;OBJECT_OR_COLUMN;[sys].[database_principals]
public;dbo;GRANT;SELECT;OBJECT_OR_COLUMN;[sys].[database_resource_governor_configuration]
public;dbo;GRANT;SELECT;OBJECT_OR_COLUMN;[sys].[database_resource_governor_workload_groups]
public;dbo;GRANT;SELECT;OBJECT_OR_COLUMN;[sys].[database_role_members]
public;dbo;GRANT;SELECT;OBJECT_OR_COLUMN;[sys].[database_scoped_configurations]
public;dbo;GRANT;SELECT;OBJECT_OR_COLUMN;[sys].[database_scoped_credentials]
public;dbo;GRANT;SELECT;OBJECT_OR_COLUMN;[sys].[default_constraints]
public;dbo;GRANT;SELECT;OBJECT_OR_COLUMN;[sys].[destination_data_spaces]
public;dbo;GRANT;SELECT;OBJECT_OR_COLUMN;[sys].[devops_database_principals]
public;dbo;GRANT;SELECT;OBJECT_OR_COLUMN;[sys].[devops_principals]
public;dbo;GRANT;SELECT;OBJECT_OR_COLUMN;[sys].[dm_db_column_store_row_group_physical_stats]
public;dbo;GRANT;SELECT;OBJECT_OR_COLUMN;[sys].[dm_db_index_persisted_usage_stats]
public;dbo;GRANT;SELECT;OBJECT_OR_COLUMN;[sys].[dm_db_resource_governor_configuration]
public;dbo;GRANT;SELECT;OBJECT_OR_COLUMN;[sys].[dm_db_workload_group_resource_stats]
public;dbo;GRANT;SELECT;OBJECT_OR_COLUMN;[sys].[edge_constraint_clauses]
public;dbo;GRANT;SELECT;OBJECT_OR_COLUMN;[sys].[edge_constraints]
public;dbo;GRANT;SELECT;OBJECT_OR_COLUMN;[sys].[event_notifications]
public;dbo;GRANT;SELECT;OBJECT_OR_COLUMN;[sys].[events]
public;dbo;GRANT;SELECT;OBJECT_OR_COLUMN;[sys].[extended_procedures]
public;dbo;GRANT;SELECT;OBJECT_OR_COLUMN;[sys].[extended_properties]
public;dbo;GRANT;SELECT;OBJECT_OR_COLUMN;[sys].[external_data_sources]
public;dbo;GRANT;SELECT;OBJECT_OR_COLUMN;[sys].[external_file_formats]
public;dbo;GRANT;SELECT;OBJECT_OR_COLUMN;[sys].[external_governance_classification_attributes]
public;dbo;GRANT;SELECT;OBJECT_OR_COLUMN;[sys].[external_governance_classifications]
public;dbo;GRANT;SELECT;OBJECT_OR_COLUMN;[sys].[external_governance_classifications_mapping]
public;dbo;GRANT;SELECT;OBJECT_OR_COLUMN;[sys].[external_governance_sensitivity_classifications]
public;dbo;GRANT;SELECT;OBJECT_OR_COLUMN;[sys].[external_governance_sensitivity_labels]
public;dbo;GRANT;SELECT;OBJECT_OR_COLUMN;[sys].[external_governance_sensitivity_labels_mapping]
public;dbo;GRANT;SELECT;OBJECT_OR_COLUMN;[sys].[external_job_streams]
public;dbo;GRANT;SELECT;OBJECT_OR_COLUMN;[sys].[external_libraries]
public;dbo;GRANT;SELECT;OBJECT_OR_COLUMN;[sys].[external_library_files]
public;dbo;GRANT;SELECT;OBJECT_OR_COLUMN;[sys].[external_library_setup_errors]
public;dbo;GRANT;SELECT;OBJECT_OR_COLUMN;[sys].[external_models]
public;dbo;GRANT;SELECT;OBJECT_OR_COLUMN;[sys].[external_stream_columns]
public;dbo;GRANT;SELECT;OBJECT_OR_COLUMN;[sys].[external_streaming_jobs]
public;dbo;GRANT;SELECT;OBJECT_OR_COLUMN;[sys].[external_streams]
public;dbo;GRANT;SELECT;OBJECT_OR_COLUMN;[sys].[external_table_partitioning_columns]
public;dbo;GRANT;SELECT;OBJECT_OR_COLUMN;[sys].[external_table_schema_changed_mdsync]
public;dbo;GRANT;SELECT;OBJECT_OR_COLUMN;[sys].[external_tables]
public;dbo;GRANT;SELECT;OBJECT_OR_COLUMN;[sys].[federated_table_columns]
public;dbo;GRANT;SELECT;OBJECT_OR_COLUMN;[sys].[federation_distributions]
public;dbo;GRANT;SELECT;OBJECT_OR_COLUMN;[sys].[federation_member_distributions]
public;dbo;GRANT;SELECT;OBJECT_OR_COLUMN;[sys].[federation_members]
public;dbo;GRANT;SELECT;OBJECT_OR_COLUMN;[sys].[federations]
public;dbo;GRANT;SELECT;OBJECT_OR_COLUMN;[sys].[filegroups]
public;dbo;GRANT;SELECT;OBJECT_OR_COLUMN;[sys].[filetable_system_defined_objects]
public;dbo;GRANT;SELECT;OBJECT_OR_COLUMN;[sys].[filetables]
public;dbo;GRANT;SELECT;OBJECT_OR_COLUMN;[sys].[foreign_key_columns]
public;dbo;GRANT;SELECT;OBJECT_OR_COLUMN;[sys].[foreign_keys]
public;dbo;GRANT;SELECT;OBJECT_OR_COLUMN;[sys].[fulltext_catalogs]
public;dbo;GRANT;SELECT;OBJECT_OR_COLUMN;[sys].[fulltext_index_catalog_usages]
public;dbo;GRANT;SELECT;OBJECT_OR_COLUMN;[sys].[fulltext_index_columns]
public;dbo;GRANT;SELECT;OBJECT_OR_COLUMN;[sys].[fulltext_index_fragments]
public;dbo;GRANT;SELECT;OBJECT_OR_COLUMN;[sys].[fulltext_indexes]
public;dbo;GRANT;SELECT;OBJECT_OR_COLUMN;[sys].[fulltext_stoplists]
public;dbo;GRANT;SELECT;OBJECT_OR_COLUMN;[sys].[fulltext_stopwords]
public;dbo;GRANT;SELECT;OBJECT_OR_COLUMN;[sys].[function_order_columns]
public;dbo;GRANT;SELECT;OBJECT_OR_COLUMN;[sys].[hash_indexes]
public;dbo;GRANT;SELECT;OBJECT_OR_COLUMN;[sys].[identity_columns]
public;dbo;GRANT;SELECT;OBJECT_OR_COLUMN;[sys].[index_columns]
public;dbo;GRANT;SELECT;OBJECT_OR_COLUMN;[sys].[index_resumable_operations]
public;dbo;GRANT;SELECT;OBJECT_OR_COLUMN;[sys].[indexes]
public;dbo;GRANT;SELECT;OBJECT_OR_COLUMN;[sys].[information_protection_label_mapping]
public;dbo;GRANT;SELECT;OBJECT_OR_COLUMN;[sys].[internal_partitions]
public;dbo;GRANT;SELECT;OBJECT_OR_COLUMN;[sys].[internal_tables]
public;dbo;GRANT;SELECT;OBJECT_OR_COLUMN;[sys].[json_index_paths]
public;dbo;GRANT;SELECT;OBJECT_OR_COLUMN;[sys].[json_indexes]
public;dbo;GRANT;SELECT;OBJECT_OR_COLUMN;[sys].[key_constraints]
public;dbo;GRANT;SELECT;OBJECT_OR_COLUMN;[sys].[key_encryptions]
public;dbo;GRANT;SELECT;OBJECT_OR_COLUMN;[sys].[ledger_column_history]
public;dbo;GRANT;SELECT;OBJECT_OR_COLUMN;[sys].[ledger_table_history]
public;dbo;GRANT;SELECT;OBJECT_OR_COLUMN;[sys].[masked_columns]
public;dbo;GRANT;SELECT;OBJECT_OR_COLUMN;[sys].[materialized_views]
public;dbo;GRANT;SELECT;OBJECT_OR_COLUMN;[sys].[memory_optimized_tables_internal_attributes]
public;dbo;GRANT;SELECT;OBJECT_OR_COLUMN;[sys].[message_type_xml_schema_collection_usages]
public;dbo;GRANT;SELECT;OBJECT_OR_COLUMN;[sys].[module_assembly_usages]
public;dbo;GRANT;SELECT;OBJECT_OR_COLUMN;[sys].[numbered_procedure_parameters]
public;dbo;GRANT;SELECT;OBJECT_OR_COLUMN;[sys].[numbered_procedures]
public;dbo;GRANT;SELECT;OBJECT_OR_COLUMN;[sys].[objects]
public;dbo;GRANT;SELECT;OBJECT_OR_COLUMN;[sys].[parameter_type_usages]
public;dbo;GRANT;SELECT;OBJECT_OR_COLUMN;[sys].[parameter_xml_schema_collection_usages]
public;dbo;GRANT;SELECT;OBJECT_OR_COLUMN;[sys].[parameters]
public;dbo;GRANT;SELECT;OBJECT_OR_COLUMN;[sys].[partition_functions]
public;dbo;GRANT;SELECT;OBJECT_OR_COLUMN;[sys].[partition_parameters]
public;dbo;GRANT;SELECT;OBJECT_OR_COLUMN;[sys].[partition_range_values]
public;dbo;GRANT;SELECT;OBJECT_OR_COLUMN;[sys].[partition_schemes]
public;dbo;GRANT;SELECT;OBJECT_OR_COLUMN;[sys].[partitions]
public;dbo;GRANT;SELECT;OBJECT_OR_COLUMN;[sys].[pdw_column_distribution_properties]
public;dbo;GRANT;SELECT;OBJECT_OR_COLUMN;[sys].[pdw_index_mappings]
public;dbo;GRANT;SELECT;OBJECT_OR_COLUMN;[sys].[pdw_materialized_view_column_distribution_properties]
public;dbo;GRANT;SELECT;OBJECT_OR_COLUMN;[sys].[pdw_materialized_view_distribution_properties]
public;dbo;GRANT;SELECT;OBJECT_OR_COLUMN;[sys].[pdw_materialized_view_mappings]
public;dbo;GRANT;SELECT;OBJECT_OR_COLUMN;[sys].[pdw_permanent_table_mappings]
public;dbo;GRANT;SELECT;OBJECT_OR_COLUMN;[sys].[pdw_table_distribution_properties]
public;dbo;GRANT;SELECT;OBJECT_OR_COLUMN;[sys].[pdw_table_mappings]
public;dbo;GRANT;SELECT;OBJECT_OR_COLUMN;[sys].[periods]
public;dbo;GRANT;SELECT;OBJECT_OR_COLUMN;[sys].[plan_guides]
public;dbo;GRANT;SELECT;OBJECT_OR_COLUMN;[sys].[procedures]
public;dbo;GRANT;SELECT;OBJECT_OR_COLUMN;[sys].[query_context_settings]
public;dbo;GRANT;SELECT;OBJECT_OR_COLUMN;[sys].[query_store_plan]
public;dbo;GRANT;SELECT;OBJECT_OR_COLUMN;[sys].[query_store_plan_by_hash]
public;dbo;GRANT;SELECT;OBJECT_OR_COLUMN;[sys].[query_store_plan_feedback]
public;dbo;GRANT;SELECT;OBJECT_OR_COLUMN;[sys].[query_store_plan_forcing_locations]
public;dbo;GRANT;SELECT;OBJECT_OR_COLUMN;[sys].[query_store_query]
public;dbo;GRANT;SELECT;OBJECT_OR_COLUMN;[sys].[query_store_query_hash_plan]
public;dbo;GRANT;SELECT;OBJECT_OR_COLUMN;[sys].[query_store_query_hints]
public;dbo;GRANT;SELECT;OBJECT_OR_COLUMN;[sys].[query_store_query_hints_by_hash]
public;dbo;GRANT;SELECT;OBJECT_OR_COLUMN;[sys].[query_store_query_text]
public;dbo;GRANT;SELECT;OBJECT_OR_COLUMN;[sys].[query_store_query_variant]
public;dbo;GRANT;SELECT;OBJECT_OR_COLUMN;[sys].[query_store_replicas]
public;dbo;GRANT;SELECT;OBJECT_OR_COLUMN;[sys].[query_store_runtime_stats]
public;dbo;GRANT;SELECT;OBJECT_OR_COLUMN;[sys].[query_store_runtime_stats_interval]
public;dbo;GRANT;SELECT;OBJECT_OR_COLUMN;[sys].[query_store_wait_stats]
public;dbo;GRANT;SELECT;OBJECT_OR_COLUMN;[sys].[registered_search_properties]
public;dbo;GRANT;SELECT;OBJECT_OR_COLUMN;[sys].[registered_search_property_lists]
public;dbo;GRANT;SELECT;OBJECT_OR_COLUMN;[sys].[remote_data_archive_databases]
public;dbo;GRANT;SELECT;OBJECT_OR_COLUMN;[sys].[remote_data_archive_tables]
public;dbo;GRANT;SELECT;OBJECT_OR_COLUMN;[sys].[remote_service_bindings]
public;dbo;GRANT;SELECT;OBJECT_OR_COLUMN;[sys].[routes]
public;dbo;GRANT;SELECT;OBJECT_OR_COLUMN;[sys].[schemas]
public;dbo;GRANT;SELECT;OBJECT_OR_COLUMN;[sys].[security_policies]
public;dbo;GRANT;SELECT;OBJECT_OR_COLUMN;[sys].[security_predicates]
public;dbo;GRANT;SELECT;OBJECT_OR_COLUMN;[sys].[selective_xml_index_namespaces]
public;dbo;GRANT;SELECT;OBJECT_OR_COLUMN;[sys].[selective_xml_index_paths]
public;dbo;GRANT;SELECT;OBJECT_OR_COLUMN;[sys].[semantic_index_columns]
public;dbo;GRANT;SELECT;OBJECT_OR_COLUMN;[sys].[semantic_indexes]
public;dbo;GRANT;SELECT;OBJECT_OR_COLUMN;[sys].[sensitivity_classifications]
public;dbo;GRANT;SELECT;OBJECT_OR_COLUMN;[sys].[sequences]
public;dbo;GRANT;SELECT;OBJECT_OR_COLUMN;[sys].[service_contract_message_usages]
public;dbo;GRANT;SELECT;OBJECT_OR_COLUMN;[sys].[service_contract_usages]
public;dbo;GRANT;SELECT;OBJECT_OR_COLUMN;[sys].[service_contracts]
public;dbo;GRANT;SELECT;OBJECT_OR_COLUMN;[sys].[service_message_types]
public;dbo;GRANT;SELECT;OBJECT_OR_COLUMN;[sys].[service_queue_usages]
public;dbo;GRANT;SELECT;OBJECT_OR_COLUMN;[sys].[service_queues]
public;dbo;GRANT;SELECT;OBJECT_OR_COLUMN;[sys].[services]
public;dbo;GRANT;SELECT;OBJECT_OR_COLUMN;[sys].[spatial_index_tessellations]
public;dbo;GRANT;SELECT;OBJECT_OR_COLUMN;[sys].[spatial_indexes]
public;dbo;GRANT;SELECT;OBJECT_OR_COLUMN;[sys].[sql_dependencies]
public;dbo;GRANT;SELECT;OBJECT_OR_COLUMN;[sys].[sql_modules]
public;dbo;GRANT;SELECT;OBJECT_OR_COLUMN;[sys].[stats]
public;dbo;GRANT;SELECT;OBJECT_OR_COLUMN;[sys].[stats_columns]
public;dbo;GRANT;SELECT;OBJECT_OR_COLUMN;[sys].[symmetric_keys]
public;dbo;GRANT;SELECT;OBJECT_OR_COLUMN;[sys].[synonyms]
public;dbo;GRANT;SELECT;OBJECT_OR_COLUMN;[sys].[syscolumn_store_segments_2020]
public;dbo;GRANT;SELECT;OBJECT_OR_COLUMN;[sys].[syscolumns]
public;dbo;GRANT;SELECT;OBJECT_OR_COLUMN;[sys].[syscolumns_2019]
public;dbo;GRANT;SELECT;OBJECT_OR_COLUMN;[sys].[syscomments]
public;dbo;GRANT;SELECT;OBJECT_OR_COLUMN;[sys].[sysconstraints]
public;dbo;GRANT;SELECT;OBJECT_OR_COLUMN;[sys].[sysdatabase_principals_2021]
public;dbo;GRANT;SELECT;OBJECT_OR_COLUMN;[sys].[sysdatabase_principals_2022]
public;dbo;GRANT;SELECT;OBJECT_OR_COLUMN;[sys].[sysdepends]
public;dbo;GRANT;SELECT;OBJECT_OR_COLUMN;[sys].[sysdevops_database_principals_2021]
public;dbo;GRANT;SELECT;OBJECT_OR_COLUMN;[sys].[sysdevops_principals_2021]
public;dbo;GRANT;SELECT;OBJECT_OR_COLUMN;[sys].[sysexternal_data_sources_2016]
public;dbo;GRANT;SELECT;OBJECT_OR_COLUMN;[sys].[sysexternal_data_sources_2017]
public;dbo;GRANT;SELECT;OBJECT_OR_COLUMN;[sys].[sysexternal_file_formats_2016]
public;dbo;GRANT;SELECT;OBJECT_OR_COLUMN;[sys].[sysexternal_tables_2016]
public;dbo;GRANT;SELECT;OBJECT_OR_COLUMN;[sys].[sysfilegroups]
public;dbo;GRANT;SELECT;OBJECT_OR_COLUMN;[sys].[sysfiles]
public;dbo;GRANT;SELECT;OBJECT_OR_COLUMN;[sys].[sysforeignkeys]
public;dbo;GRANT;SELECT;OBJECT_OR_COLUMN;[sys].[sysfulltextcatalogs]
public;dbo;GRANT;SELECT;OBJECT_OR_COLUMN;[sys].[sysindexes]
public;dbo;GRANT;SELECT;OBJECT_OR_COLUMN;[sys].[sysindexkeys]
public;dbo;GRANT;SELECT;OBJECT_OR_COLUMN;[sys].[sysmembers]
public;dbo;GRANT;SELECT;OBJECT_OR_COLUMN;[sys].[sysobjects]
public;dbo;GRANT;SELECT;OBJECT_OR_COLUMN;[sys].[syspermissions]
public;dbo;GRANT;SELECT;OBJECT_OR_COLUMN;[sys].[sysprotects]
public;dbo;GRANT;SELECT;OBJECT_OR_COLUMN;[sys].[sysquery_context_settings_2016]
public;dbo;GRANT;SELECT;OBJECT_OR_COLUMN;[sys].[sysquery_store_query_hints_2019]
public;dbo;GRANT;SELECT;OBJECT_OR_COLUMN;[sys].[sysquery_store_runtime_stats_2016]
public;dbo;GRANT;SELECT;OBJECT_OR_COLUMN;[sys].[sysquery_store_runtime_stats_2017]
public;dbo;GRANT;SELECT;OBJECT_OR_COLUMN;[sys].[sysquery_store_runtime_stats_2019]
public;dbo;GRANT;SELECT;OBJECT_OR_COLUMN;[sys].[sysquery_store_runtime_stats_interval_2016]
public;dbo;GRANT;SELECT;OBJECT_OR_COLUMN;[sys].[sysquery_store_wait_stats_2019]
public;dbo;GRANT;SELECT;OBJECT_OR_COLUMN;[sys].[sysreferences]
public;dbo;GRANT;SELECT;OBJECT_OR_COLUMN;[sys].[sysserver_principals_2021]
public;dbo;GRANT;SELECT;OBJECT_OR_COLUMN;[sys].[system_columns]
public;dbo;GRANT;SELECT;OBJECT_OR_COLUMN;[sys].[system_objects]
public;dbo;GRANT;SELECT;OBJECT_OR_COLUMN;[sys].[system_parameters]
public;dbo;GRANT;SELECT;OBJECT_OR_COLUMN;[sys].[system_sql_modules]
public;dbo;GRANT;SELECT;OBJECT_OR_COLUMN;[sys].[system_views]
public;dbo;GRANT;SELECT;OBJECT_OR_COLUMN;[sys].[systypes]
public;dbo;GRANT;SELECT;OBJECT_OR_COLUMN;[sys].[sysusers]
public;dbo;GRANT;SELECT;OBJECT_OR_COLUMN;[sys].[table_types]
public;dbo;GRANT;SELECT;OBJECT_OR_COLUMN;[sys].[tables]
public;dbo;GRANT;SELECT;OBJECT_OR_COLUMN;[sys].[time_zone_info]
public;dbo;GRANT;SELECT;OBJECT_OR_COLUMN;[sys].[transmission_queue]
public;dbo;GRANT;SELECT;OBJECT_OR_COLUMN;[sys].[trigger_events]
public;dbo;GRANT;SELECT;OBJECT_OR_COLUMN;[sys].[triggers]
public;dbo;GRANT;SELECT;OBJECT_OR_COLUMN;[sys].[type_assembly_usages]
public;dbo;GRANT;SELECT;OBJECT_OR_COLUMN;[sys].[types]
public;dbo;GRANT;SELECT;OBJECT_OR_COLUMN;[sys].[vector_indexes]
public;dbo;GRANT;SELECT;OBJECT_OR_COLUMN;[sys].[views]
public;dbo;GRANT;SELECT;OBJECT_OR_COLUMN;[sys].[xml_indexes]
public;dbo;GRANT;SELECT;OBJECT_OR_COLUMN;[sys].[xml_schema_attributes]
public;dbo;GRANT;SELECT;OBJECT_OR_COLUMN;[sys].[xml_schema_collections]
public;dbo;GRANT;SELECT;OBJECT_OR_COLUMN;[sys].[xml_schema_component_placements]
public;dbo;GRANT;SELECT;OBJECT_OR_COLUMN;[sys].[xml_schema_components]
public;dbo;GRANT;SELECT;OBJECT_OR_COLUMN;[sys].[xml_schema_elements]
public;dbo;GRANT;SELECT;OBJECT_OR_COLUMN;[sys].[xml_schema_facets]
public;dbo;GRANT;SELECT;OBJECT_OR_COLUMN;[sys].[xml_schema_model_groups]
public;dbo;GRANT;SELECT;OBJECT_OR_COLUMN;[sys].[xml_schema_namespaces]
public;dbo;GRANT;SELECT;OBJECT_OR_COLUMN;[sys].[xml_schema_types]
public;dbo;GRANT;SELECT;OBJECT_OR_COLUMN;[sys].[xml_schema_wildcard_namespaces]
public;dbo;GRANT;SELECT;OBJECT_OR_COLUMN;[sys].[xml_schema_wildcards]
